"Project","Sampler","SampleType","StainType","StainDate","DateCounted","Who","SampleID","Sample","SlideRep","SporesCounted","FOV","TotalSpores","Clumps.4ormorecells.","CellsPerClump","Mycelia","Notes.x","LB_Batch","DATE_UTC","DateTime_MDT","DateTime_UTC","Day.x","Platform","FilterType","FlowRate","Volume_L","SamplingDuration_dmin","SampleStart_UTC","SampleEnd_UTC","Notes.y","RepVolume_L","RepVolume_m3","TotalSpores_LB","log1TotalSpores_LB","TotalSpores_LBcorr","TotalSpores.filter_LBcorr","TotalSpores_LBcorr_m3","log_volume_offset_m3","Sample_num","MeanLogPM2.5","MeansqrtPM2.5","MeanPM2.5_ug.m3","MedianPM2.5_ug.m3","MaxPM2.5_ug.m3","MeanPM1.0ug.m3","MedianPM1.0_ug.m3","MaxPM1.0_ug.m3","MeanPM10_ug.m3","MedianPM10_ug.m3","MaxPM10_ug.m3","MeanTemp_C","MedianTemp_C","MaxTemp_C","MinTemp_C","MeanRH","MedianRH","MinRH","MaxRH","MeanMR","MedianMR","MaxMR","MinMR","SmokeLevel","presence","MedianMR_centered","Day.y","Mean_CO2_CO_mg.m3","Median_CO2_CO_mg.m3","Mean_DeltaCO2_mg.m3","Median_DeltaCO_mg.m3","Mean_DeltaCO2_ppm","Median_DeltaCO2_ppm","Mean_DeltaCO_ppm","Median_DeltaCO_ppm","Max_DeltaCO_ppm","MeanMCE","MedianMCE","TC_mg.m3","bcorr_TC_mg.m3","Gas_TC_Carbon_mg.m3"
"FASMEE23","Button","Smoke","CW/KOH",20240912,"11/1/2024","Lampman","B10B","B10","B",TRUE,1,18,NA,"",1,"0.5","B",2023-10-11,2023-10-10 18:25:00,2023-10-11 00:25:00,3,"Blue","PTFE",4,60,15,2023-10-11 00:25:00,2023-10-11 00:40:00,"Partial smoke at best",30,0.03,0.5,0.405465108108164,17.5,1264.375,583.333333333333,-3.50655789731998,10,4.72174003884901,14.800334615,296.581872992119,284.73879828125,913.5954568125,162.399186046512,183.125,370.5,298.041569767442,316.625,762.75,10.0638569604087,10,10.5555555555556,7.77777777777778,31.3333333333333,31,31,32,3.46114545081116,3.49829032819435,3.65288745104373,2.95692571743565,"Low",TRUE,-0.11604354356674,3,9.16936754497504,7.15880794304564,30.8100107581134,1.51685239597926,16.3873253245179,22.7938558681921,1.49529188355726,1.26651866080882,4.28245836580882,0.903533173719327,0.926980348124455,0.470020408887827,0.0966579525653142,9.26602549754036
"FASMEE23","Button","Smoke","CW/KOH",20240912,"11/1/2024","Lampman","B10B","B10","B",TRUE,2,7,NA,"",NA,"","B",2023-10-11,2023-10-10 18:25:00,2023-10-11 00:25:00,3,"Blue","PTFE",4,60,15,2023-10-11 00:25:00,2023-10-11 00:40:00,"Partial smoke at best",30,0.03,0.5,0.405465108108164,6.5,469.625,216.666666666667,-3.50655789731998,10,4.72174003884901,14.800334615,296.581872992119,284.73879828125,913.5954568125,162.399186046512,183.125,370.5,298.041569767442,316.625,762.75,10.0638569604087,10,10.5555555555556,7.77777777777778,31.3333333333333,31,31,32,3.46114545081116,3.49829032819435,3.65288745104373,2.95692571743565,"Low",TRUE,-0.11604354356674,3,9.16936754497504,7.15880794304564,30.8100107581134,1.51685239597926,16.3873253245179,22.7938558681921,1.49529188355726,1.26651866080882,4.28245836580882,0.903533173719327,0.926980348124455,0.470020408887827,0.0966579525653142,9.26602549754036
"FASMEE23","Button","Smoke","CW/KOH",20240912,"11/1/2024","Lampman","B10B","B10","B",TRUE,3,35,NA,"",NA,"","B",2023-10-11,2023-10-10 18:25:00,2023-10-11 00:25:00,3,"Blue","PTFE",4,60,15,2023-10-11 00:25:00,2023-10-11 00:40:00,"Partial smoke at best",30,0.03,0.5,0.405465108108164,34.5,2492.625,1150,-3.50655789731998,10,4.72174003884901,14.800334615,296.581872992119,284.73879828125,913.5954568125,162.399186046512,183.125,370.5,298.041569767442,316.625,762.75,10.0638569604087,10,10.5555555555556,7.77777777777778,31.3333333333333,31,31,32,3.46114545081116,3.49829032819435,3.65288745104373,2.95692571743565,"Low",TRUE,-0.11604354356674,3,9.16936754497504,7.15880794304564,30.8100107581134,1.51685239597926,16.3873253245179,22.7938558681921,1.49529188355726,1.26651866080882,4.28245836580882,0.903533173719327,0.926980348124455,0.470020408887827,0.0966579525653142,9.26602549754036
"FASMEE23","Button","Smoke","CW/KOH",20240912,"11/1/2024","Lampman","B10B","B10","B",TRUE,4,20,NA,"",NA,"","B",2023-10-11,2023-10-10 18:25:00,2023-10-11 00:25:00,3,"Blue","PTFE",4,60,15,2023-10-11 00:25:00,2023-10-11 00:40:00,"Partial smoke at best",30,0.03,0.5,0.405465108108164,19.5,1408.875,650,-3.50655789731998,10,4.72174003884901,14.800334615,296.581872992119,284.73879828125,913.5954568125,162.399186046512,183.125,370.5,298.041569767442,316.625,762.75,10.0638569604087,10,10.5555555555556,7.77777777777778,31.3333333333333,31,31,32,3.46114545081116,3.49829032819435,3.65288745104373,2.95692571743565,"Low",TRUE,-0.11604354356674,3,9.16936754497504,7.15880794304564,30.8100107581134,1.51685239597926,16.3873253245179,22.7938558681921,1.49529188355726,1.26651866080882,4.28245836580882,0.903533173719327,0.926980348124455,0.470020408887827,0.0966579525653142,9.26602549754036
"FASMEE23","Button","Smoke","CW/KOH",20240912,"11/1/2024","Lampman","B10B","B10","B",TRUE,5,6,NA,"",NA,"","B",2023-10-11,2023-10-10 18:25:00,2023-10-11 00:25:00,3,"Blue","PTFE",4,60,15,2023-10-11 00:25:00,2023-10-11 00:40:00,"Partial smoke at best",30,0.03,0.5,0.405465108108164,5.5,397.375,183.333333333333,-3.50655789731998,10,4.72174003884901,14.800334615,296.581872992119,284.73879828125,913.5954568125,162.399186046512,183.125,370.5,298.041569767442,316.625,762.75,10.0638569604087,10,10.5555555555556,7.77777777777778,31.3333333333333,31,31,32,3.46114545081116,3.49829032819435,3.65288745104373,2.95692571743565,"Low",TRUE,-0.11604354356674,3,9.16936754497504,7.15880794304564,30.8100107581134,1.51685239597926,16.3873253245179,22.7938558681921,1.49529188355726,1.26651866080882,4.28245836580882,0.903533173719327,0.926980348124455,0.470020408887827,0.0966579525653142,9.26602549754036
"FASMEE23","Button","Smoke","CW/KOH",20240912,"11/1/2024","Lampman","B10B","B10","B",TRUE,6,3,NA,"",NA,"","B",2023-10-11,2023-10-10 18:25:00,2023-10-11 00:25:00,3,"Blue","PTFE",4,60,15,2023-10-11 00:25:00,2023-10-11 00:40:00,"Partial smoke at best",30,0.03,0.5,0.405465108108164,2.5,180.625,83.3333333333333,-3.50655789731998,10,4.72174003884901,14.800334615,296.581872992119,284.73879828125,913.5954568125,162.399186046512,183.125,370.5,298.041569767442,316.625,762.75,10.0638569604087,10,10.5555555555556,7.77777777777778,31.3333333333333,31,31,32,3.46114545081116,3.49829032819435,3.65288745104373,2.95692571743565,"Low",TRUE,-0.11604354356674,3,9.16936754497504,7.15880794304564,30.8100107581134,1.51685239597926,16.3873253245179,22.7938558681921,1.49529188355726,1.26651866080882,4.28245836580882,0.903533173719327,0.926980348124455,0.470020408887827,0.0966579525653142,9.26602549754036
"FASMEE23","Button","Smoke","CW/KOH",20240912,"11/1/2024","Lampman","B10B","B10","B",TRUE,7,3,NA,"",3,".3,.3,.25","B",2023-10-11,2023-10-10 18:25:00,2023-10-11 00:25:00,3,"Blue","PTFE",4,60,15,2023-10-11 00:25:00,2023-10-11 00:40:00,"Partial smoke at best",30,0.03,0.5,0.405465108108164,2.5,180.625,83.3333333333333,-3.50655789731998,10,4.72174003884901,14.800334615,296.581872992119,284.73879828125,913.5954568125,162.399186046512,183.125,370.5,298.041569767442,316.625,762.75,10.0638569604087,10,10.5555555555556,7.77777777777778,31.3333333333333,31,31,32,3.46114545081116,3.49829032819435,3.65288745104373,2.95692571743565,"Low",TRUE,-0.11604354356674,3,9.16936754497504,7.15880794304564,30.8100107581134,1.51685239597926,16.3873253245179,22.7938558681921,1.49529188355726,1.26651866080882,4.28245836580882,0.903533173719327,0.926980348124455,0.470020408887827,0.0966579525653142,9.26602549754036
"FASMEE23","Button","Smoke","CW/KOH",20240912,"11/1/2024","Lampman","B10B","B10","B",TRUE,8,17,NA,"",NA,"","B",2023-10-11,2023-10-10 18:25:00,2023-10-11 00:25:00,3,"Blue","PTFE",4,60,15,2023-10-11 00:25:00,2023-10-11 00:40:00,"Partial smoke at best",30,0.03,0.5,0.405465108108164,16.5,1192.125,550,-3.50655789731998,10,4.72174003884901,14.800334615,296.581872992119,284.73879828125,913.5954568125,162.399186046512,183.125,370.5,298.041569767442,316.625,762.75,10.0638569604087,10,10.5555555555556,7.77777777777778,31.3333333333333,31,31,32,3.46114545081116,3.49829032819435,3.65288745104373,2.95692571743565,"Low",TRUE,-0.11604354356674,3,9.16936754497504,7.15880794304564,30.8100107581134,1.51685239597926,16.3873253245179,22.7938558681921,1.49529188355726,1.26651866080882,4.28245836580882,0.903533173719327,0.926980348124455,0.470020408887827,0.0966579525653142,9.26602549754036
"FASMEE23","Button","Smoke","CW/KOH",20240912,"11/1/2024","Lampman","B10B","B10","B",TRUE,9,6,NA,"",1,"0.125","B",2023-10-11,2023-10-10 18:25:00,2023-10-11 00:25:00,3,"Blue","PTFE",4,60,15,2023-10-11 00:25:00,2023-10-11 00:40:00,"Partial smoke at best",30,0.03,0.5,0.405465108108164,5.5,397.375,183.333333333333,-3.50655789731998,10,4.72174003884901,14.800334615,296.581872992119,284.73879828125,913.5954568125,162.399186046512,183.125,370.5,298.041569767442,316.625,762.75,10.0638569604087,10,10.5555555555556,7.77777777777778,31.3333333333333,31,31,32,3.46114545081116,3.49829032819435,3.65288745104373,2.95692571743565,"Low",TRUE,-0.11604354356674,3,9.16936754497504,7.15880794304564,30.8100107581134,1.51685239597926,16.3873253245179,22.7938558681921,1.49529188355726,1.26651866080882,4.28245836580882,0.903533173719327,0.926980348124455,0.470020408887827,0.0966579525653142,9.26602549754036
"FASMEE23","Button","Smoke","CW/KOH",20240912,"11/1/2024","Lampman","B10B","B10","B",TRUE,10,7,NA,"",NA,"","B",2023-10-11,2023-10-10 18:25:00,2023-10-11 00:25:00,3,"Blue","PTFE",4,60,15,2023-10-11 00:25:00,2023-10-11 00:40:00,"Partial smoke at best",30,0.03,0.5,0.405465108108164,6.5,469.625,216.666666666667,-3.50655789731998,10,4.72174003884901,14.800334615,296.581872992119,284.73879828125,913.5954568125,162.399186046512,183.125,370.5,298.041569767442,316.625,762.75,10.0638569604087,10,10.5555555555556,7.77777777777778,31.3333333333333,31,31,32,3.46114545081116,3.49829032819435,3.65288745104373,2.95692571743565,"Low",TRUE,-0.11604354356674,3,9.16936754497504,7.15880794304564,30.8100107581134,1.51685239597926,16.3873253245179,22.7938558681921,1.49529188355726,1.26651866080882,4.28245836580882,0.903533173719327,0.926980348124455,0.470020408887827,0.0966579525653142,9.26602549754036
"FASMEE23","Button","Smoke","CW/KOH",20240912,"11/1/2024","Lampman","B12B","B12","B",TRUE,1,4,NA,"",NA,"","B",2023-10-11,2023-10-10 19:29:00,2023-10-11 01:29:00,3,"Blue","PTFE",4,60,15,2023-10-11 01:29:00,2023-10-11 01:44:00,"Partial smoke at best",30,0.03,0.5,0.405465108108164,3.5,252.875,116.666666666667,-3.50655789731998,12,3.40341034193371,8.04913348165278,98.2347479816738,70.63631,343.96587725,71.5695081967213,55.375,217.25,119.030737704918,94.21,369.875,9.51730418943534,9.44444444444444,10.5555555555556,8.88888888888889,30.2622950819672,30,30,32,3.22274350561617,3.20067977403102,3.59115262850359,3.05362161156916,"Low",TRUE,-0.413654097730068,3,12.4836759454948,13.1564633792446,42.6384496071778,2.83267731716567,22.6222156083308,43.3128495814939,1.66076798489259,2.36439821080882,3.08124897580882,0.948198027037845,0.934616975798477,0.470176613782736,0.0968141574602237,12.580490102955
"FASMEE23","Button","Smoke","CW/KOH",20240912,"11/1/2024","Lampman","B12B","B12","B",TRUE,2,8,NA,"",NA,"","B",2023-10-11,2023-10-10 19:29:00,2023-10-11 01:29:00,3,"Blue","PTFE",4,60,15,2023-10-11 01:29:00,2023-10-11 01:44:00,"Partial smoke at best",30,0.03,0.5,0.405465108108164,7.5,541.875,250,-3.50655789731998,12,3.40341034193371,8.04913348165278,98.2347479816738,70.63631,343.96587725,71.5695081967213,55.375,217.25,119.030737704918,94.21,369.875,9.51730418943534,9.44444444444444,10.5555555555556,8.88888888888889,30.2622950819672,30,30,32,3.22274350561617,3.20067977403102,3.59115262850359,3.05362161156916,"Low",TRUE,-0.413654097730068,3,12.4836759454948,13.1564633792446,42.6384496071778,2.83267731716567,22.6222156083308,43.3128495814939,1.66076798489259,2.36439821080882,3.08124897580882,0.948198027037845,0.934616975798477,0.470176613782736,0.0968141574602237,12.580490102955
"FASMEE23","Button","Smoke","CW/KOH",20240912,"11/1/2024","Lampman","B12B","B12","B",TRUE,3,5,NA,"",NA,"","B",2023-10-11,2023-10-10 19:29:00,2023-10-11 01:29:00,3,"Blue","PTFE",4,60,15,2023-10-11 01:29:00,2023-10-11 01:44:00,"Partial smoke at best",30,0.03,0.5,0.405465108108164,4.5,325.125,150,-3.50655789731998,12,3.40341034193371,8.04913348165278,98.2347479816738,70.63631,343.96587725,71.5695081967213,55.375,217.25,119.030737704918,94.21,369.875,9.51730418943534,9.44444444444444,10.5555555555556,8.88888888888889,30.2622950819672,30,30,32,3.22274350561617,3.20067977403102,3.59115262850359,3.05362161156916,"Low",TRUE,-0.413654097730068,3,12.4836759454948,13.1564633792446,42.6384496071778,2.83267731716567,22.6222156083308,43.3128495814939,1.66076798489259,2.36439821080882,3.08124897580882,0.948198027037845,0.934616975798477,0.470176613782736,0.0968141574602237,12.580490102955
"FASMEE23","Button","Smoke","CW/KOH",20240912,"11/1/2024","Lampman","B12B","B12","B",TRUE,4,10,NA,"",NA,"","B",2023-10-11,2023-10-10 19:29:00,2023-10-11 01:29:00,3,"Blue","PTFE",4,60,15,2023-10-11 01:29:00,2023-10-11 01:44:00,"Partial smoke at best",30,0.03,0.5,0.405465108108164,9.5,686.375,316.666666666667,-3.50655789731998,12,3.40341034193371,8.04913348165278,98.2347479816738,70.63631,343.96587725,71.5695081967213,55.375,217.25,119.030737704918,94.21,369.875,9.51730418943534,9.44444444444444,10.5555555555556,8.88888888888889,30.2622950819672,30,30,32,3.22274350561617,3.20067977403102,3.59115262850359,3.05362161156916,"Low",TRUE,-0.413654097730068,3,12.4836759454948,13.1564633792446,42.6384496071778,2.83267731716567,22.6222156083308,43.3128495814939,1.66076798489259,2.36439821080882,3.08124897580882,0.948198027037845,0.934616975798477,0.470176613782736,0.0968141574602237,12.580490102955
"FASMEE23","Button","Smoke","CW/KOH",20240912,"11/1/2024","Lampman","B12B","B12","B",TRUE,5,17,NA,"",NA,"","B",2023-10-11,2023-10-10 19:29:00,2023-10-11 01:29:00,3,"Blue","PTFE",4,60,15,2023-10-11 01:29:00,2023-10-11 01:44:00,"Partial smoke at best",30,0.03,0.5,0.405465108108164,16.5,1192.125,550,-3.50655789731998,12,3.40341034193371,8.04913348165278,98.2347479816738,70.63631,343.96587725,71.5695081967213,55.375,217.25,119.030737704918,94.21,369.875,9.51730418943534,9.44444444444444,10.5555555555556,8.88888888888889,30.2622950819672,30,30,32,3.22274350561617,3.20067977403102,3.59115262850359,3.05362161156916,"Low",TRUE,-0.413654097730068,3,12.4836759454948,13.1564633792446,42.6384496071778,2.83267731716567,22.6222156083308,43.3128495814939,1.66076798489259,2.36439821080882,3.08124897580882,0.948198027037845,0.934616975798477,0.470176613782736,0.0968141574602237,12.580490102955
"FASMEE23","Button","Smoke","CW/KOH",20240912,"11/1/2024","Lampman","B12B","B12","B",TRUE,6,6,NA,"",NA,"","B",2023-10-11,2023-10-10 19:29:00,2023-10-11 01:29:00,3,"Blue","PTFE",4,60,15,2023-10-11 01:29:00,2023-10-11 01:44:00,"Partial smoke at best",30,0.03,0.5,0.405465108108164,5.5,397.375,183.333333333333,-3.50655789731998,12,3.40341034193371,8.04913348165278,98.2347479816738,70.63631,343.96587725,71.5695081967213,55.375,217.25,119.030737704918,94.21,369.875,9.51730418943534,9.44444444444444,10.5555555555556,8.88888888888889,30.2622950819672,30,30,32,3.22274350561617,3.20067977403102,3.59115262850359,3.05362161156916,"Low",TRUE,-0.413654097730068,3,12.4836759454948,13.1564633792446,42.6384496071778,2.83267731716567,22.6222156083308,43.3128495814939,1.66076798489259,2.36439821080882,3.08124897580882,0.948198027037845,0.934616975798477,0.470176613782736,0.0968141574602237,12.580490102955
"FASMEE23","Button","Smoke","CW/KOH",20240912,"11/1/2024","Lampman","B12B","B12","B",TRUE,7,11,NA,"",NA,"","B",2023-10-11,2023-10-10 19:29:00,2023-10-11 01:29:00,3,"Blue","PTFE",4,60,15,2023-10-11 01:29:00,2023-10-11 01:44:00,"Partial smoke at best",30,0.03,0.5,0.405465108108164,10.5,758.625,350,-3.50655789731998,12,3.40341034193371,8.04913348165278,98.2347479816738,70.63631,343.96587725,71.5695081967213,55.375,217.25,119.030737704918,94.21,369.875,9.51730418943534,9.44444444444444,10.5555555555556,8.88888888888889,30.2622950819672,30,30,32,3.22274350561617,3.20067977403102,3.59115262850359,3.05362161156916,"Low",TRUE,-0.413654097730068,3,12.4836759454948,13.1564633792446,42.6384496071778,2.83267731716567,22.6222156083308,43.3128495814939,1.66076798489259,2.36439821080882,3.08124897580882,0.948198027037845,0.934616975798477,0.470176613782736,0.0968141574602237,12.580490102955
"FASMEE23","Button","Smoke","CW/KOH",20240912,"11/1/2024","Lampman","B12B","B12","B",TRUE,8,7,NA,"",NA,"","B",2023-10-11,2023-10-10 19:29:00,2023-10-11 01:29:00,3,"Blue","PTFE",4,60,15,2023-10-11 01:29:00,2023-10-11 01:44:00,"Partial smoke at best",30,0.03,0.5,0.405465108108164,6.5,469.625,216.666666666667,-3.50655789731998,12,3.40341034193371,8.04913348165278,98.2347479816738,70.63631,343.96587725,71.5695081967213,55.375,217.25,119.030737704918,94.21,369.875,9.51730418943534,9.44444444444444,10.5555555555556,8.88888888888889,30.2622950819672,30,30,32,3.22274350561617,3.20067977403102,3.59115262850359,3.05362161156916,"Low",TRUE,-0.413654097730068,3,12.4836759454948,13.1564633792446,42.6384496071778,2.83267731716567,22.6222156083308,43.3128495814939,1.66076798489259,2.36439821080882,3.08124897580882,0.948198027037845,0.934616975798477,0.470176613782736,0.0968141574602237,12.580490102955
"FASMEE23","Button","Smoke","CW/KOH",20240912,"11/1/2024","Lampman","B12B","B12","B",TRUE,9,3,NA,"",NA,"","B",2023-10-11,2023-10-10 19:29:00,2023-10-11 01:29:00,3,"Blue","PTFE",4,60,15,2023-10-11 01:29:00,2023-10-11 01:44:00,"Partial smoke at best",30,0.03,0.5,0.405465108108164,2.5,180.625,83.3333333333333,-3.50655789731998,12,3.40341034193371,8.04913348165278,98.2347479816738,70.63631,343.96587725,71.5695081967213,55.375,217.25,119.030737704918,94.21,369.875,9.51730418943534,9.44444444444444,10.5555555555556,8.88888888888889,30.2622950819672,30,30,32,3.22274350561617,3.20067977403102,3.59115262850359,3.05362161156916,"Low",TRUE,-0.413654097730068,3,12.4836759454948,13.1564633792446,42.6384496071778,2.83267731716567,22.6222156083308,43.3128495814939,1.66076798489259,2.36439821080882,3.08124897580882,0.948198027037845,0.934616975798477,0.470176613782736,0.0968141574602237,12.580490102955
"FASMEE23","Button","Smoke","CW/KOH",20240912,"11/1/2024","Lampman","B12B","B12","B",TRUE,10,13,NA,"",1,"0.25","B",2023-10-11,2023-10-10 19:29:00,2023-10-11 01:29:00,3,"Blue","PTFE",4,60,15,2023-10-11 01:29:00,2023-10-11 01:44:00,"Partial smoke at best",30,0.03,0.5,0.405465108108164,12.5,903.125,416.666666666667,-3.50655789731998,12,3.40341034193371,8.04913348165278,98.2347479816738,70.63631,343.96587725,71.5695081967213,55.375,217.25,119.030737704918,94.21,369.875,9.51730418943534,9.44444444444444,10.5555555555556,8.88888888888889,30.2622950819672,30,30,32,3.22274350561617,3.20067977403102,3.59115262850359,3.05362161156916,"Low",TRUE,-0.413654097730068,3,12.4836759454948,13.1564633792446,42.6384496071778,2.83267731716567,22.6222156083308,43.3128495814939,1.66076798489259,2.36439821080882,3.08124897580882,0.948198027037845,0.934616975798477,0.470176613782736,0.0968141574602237,12.580490102955
"FASMEE23","Button","Smoke","CW/KOH",20240912,"11/1/2024","Lampman","B11B","B11","B",TRUE,1,16,NA,"",2,".3,.3","B",2023-10-11,2023-10-10 18:53:00,2023-10-11 00:53:00,3,"Blue","PTFE",4,52.28,13.07,2023-10-11 00:53:00,2023-10-11 01:06:04,"Arms loose on ATAT-RTH with time remaining on leland (1:56min)",26.14,0.02614,0.5,0.405465108108164,15.5,1119.875,592.960979342005,-3.64428857078606,11,4.61787906381793,10.6737800999871,125.877064741927,109.439625,372.7578288125,95.9646621621622,85.5425,240.415,159.535135135135,142.02,385.5,9.42192192192192,9.44444444444444,10,7.22222222222222,30.3108108108108,30,30,31,3.19763860610841,3.20003153837661,3.34652644641426,2.69939809952541,"Low",TRUE,-0.414302333384482,3,5.03917002239612,3.45635072732919,16.9430562803866,0.334627603826129,8.98035194956724,9.22013137699785,0.812405426978007,0.278427065808824,2.83584060580882,0.912070919480452,0.931800219280138,0.475522888079055,0.102160431756542,5.14133045415266
"FASMEE23","Button","Smoke","CW/KOH",20240912,"11/1/2024","Lampman","B11B","B11","B",TRUE,2,4,NA,"",NA,"","B",2023-10-11,2023-10-10 18:53:00,2023-10-11 00:53:00,3,"Blue","PTFE",4,52.28,13.07,2023-10-11 00:53:00,2023-10-11 01:06:04,"Arms loose on ATAT-RTH with time remaining on leland (1:56min)",26.14,0.02614,0.5,0.405465108108164,3.5,252.875,133.89441469013,-3.64428857078606,11,4.61787906381793,10.6737800999871,125.877064741927,109.439625,372.7578288125,95.9646621621622,85.5425,240.415,159.535135135135,142.02,385.5,9.42192192192192,9.44444444444444,10,7.22222222222222,30.3108108108108,30,30,31,3.19763860610841,3.20003153837661,3.34652644641426,2.69939809952541,"Low",TRUE,-0.414302333384482,3,5.03917002239612,3.45635072732919,16.9430562803866,0.334627603826129,8.98035194956724,9.22013137699785,0.812405426978007,0.278427065808824,2.83584060580882,0.912070919480452,0.931800219280138,0.475522888079055,0.102160431756542,5.14133045415266
"FASMEE23","Button","Smoke","CW/KOH",20240912,"11/1/2024","Lampman","B11B","B11","B",TRUE,3,4,NA,"",4,".5,.3,.25,.125","B",2023-10-11,2023-10-10 18:53:00,2023-10-11 00:53:00,3,"Blue","PTFE",4,52.28,13.07,2023-10-11 00:53:00,2023-10-11 01:06:04,"Arms loose on ATAT-RTH with time remaining on leland (1:56min)",26.14,0.02614,0.5,0.405465108108164,3.5,252.875,133.89441469013,-3.64428857078606,11,4.61787906381793,10.6737800999871,125.877064741927,109.439625,372.7578288125,95.9646621621622,85.5425,240.415,159.535135135135,142.02,385.5,9.42192192192192,9.44444444444444,10,7.22222222222222,30.3108108108108,30,30,31,3.19763860610841,3.20003153837661,3.34652644641426,2.69939809952541,"Low",TRUE,-0.414302333384482,3,5.03917002239612,3.45635072732919,16.9430562803866,0.334627603826129,8.98035194956724,9.22013137699785,0.812405426978007,0.278427065808824,2.83584060580882,0.912070919480452,0.931800219280138,0.475522888079055,0.102160431756542,5.14133045415266
"FASMEE23","Button","Smoke","CW/KOH",20240912,"11/1/2024","Lampman","B11B","B11","B",TRUE,4,4,NA,"",NA,"","B",2023-10-11,2023-10-10 18:53:00,2023-10-11 00:53:00,3,"Blue","PTFE",4,52.28,13.07,2023-10-11 00:53:00,2023-10-11 01:06:04,"Arms loose on ATAT-RTH with time remaining on leland (1:56min)",26.14,0.02614,0.5,0.405465108108164,3.5,252.875,133.89441469013,-3.64428857078606,11,4.61787906381793,10.6737800999871,125.877064741927,109.439625,372.7578288125,95.9646621621622,85.5425,240.415,159.535135135135,142.02,385.5,9.42192192192192,9.44444444444444,10,7.22222222222222,30.3108108108108,30,30,31,3.19763860610841,3.20003153837661,3.34652644641426,2.69939809952541,"Low",TRUE,-0.414302333384482,3,5.03917002239612,3.45635072732919,16.9430562803866,0.334627603826129,8.98035194956724,9.22013137699785,0.812405426978007,0.278427065808824,2.83584060580882,0.912070919480452,0.931800219280138,0.475522888079055,0.102160431756542,5.14133045415266
"FASMEE23","Button","Smoke","CW/KOH",20240912,"11/1/2024","Lampman","B11B","B11","B",TRUE,5,6,NA,"",NA,"","B",2023-10-11,2023-10-10 18:53:00,2023-10-11 00:53:00,3,"Blue","PTFE",4,52.28,13.07,2023-10-11 00:53:00,2023-10-11 01:06:04,"Arms loose on ATAT-RTH with time remaining on leland (1:56min)",26.14,0.02614,0.5,0.405465108108164,5.5,397.375,210.405508798776,-3.64428857078606,11,4.61787906381793,10.6737800999871,125.877064741927,109.439625,372.7578288125,95.9646621621622,85.5425,240.415,159.535135135135,142.02,385.5,9.42192192192192,9.44444444444444,10,7.22222222222222,30.3108108108108,30,30,31,3.19763860610841,3.20003153837661,3.34652644641426,2.69939809952541,"Low",TRUE,-0.414302333384482,3,5.03917002239612,3.45635072732919,16.9430562803866,0.334627603826129,8.98035194956724,9.22013137699785,0.812405426978007,0.278427065808824,2.83584060580882,0.912070919480452,0.931800219280138,0.475522888079055,0.102160431756542,5.14133045415266
"FASMEE23","Button","Smoke","CW/KOH",20240912,"11/1/2024","Lampman","B11B","B11","B",TRUE,6,3,NA,"",NA,"","B",2023-10-11,2023-10-10 18:53:00,2023-10-11 00:53:00,3,"Blue","PTFE",4,52.28,13.07,2023-10-11 00:53:00,2023-10-11 01:06:04,"Arms loose on ATAT-RTH with time remaining on leland (1:56min)",26.14,0.02614,0.5,0.405465108108164,2.5,180.625,95.6388676358072,-3.64428857078606,11,4.61787906381793,10.6737800999871,125.877064741927,109.439625,372.7578288125,95.9646621621622,85.5425,240.415,159.535135135135,142.02,385.5,9.42192192192192,9.44444444444444,10,7.22222222222222,30.3108108108108,30,30,31,3.19763860610841,3.20003153837661,3.34652644641426,2.69939809952541,"Low",TRUE,-0.414302333384482,3,5.03917002239612,3.45635072732919,16.9430562803866,0.334627603826129,8.98035194956724,9.22013137699785,0.812405426978007,0.278427065808824,2.83584060580882,0.912070919480452,0.931800219280138,0.475522888079055,0.102160431756542,5.14133045415266
"FASMEE23","Button","Smoke","CW/KOH",20240912,"11/1/2024","Lampman","B11B","B11","B",TRUE,7,11,NA,"",NA,"","B",2023-10-11,2023-10-10 18:53:00,2023-10-11 00:53:00,3,"Blue","PTFE",4,52.28,13.07,2023-10-11 00:53:00,2023-10-11 01:06:04,"Arms loose on ATAT-RTH with time remaining on leland (1:56min)",26.14,0.02614,0.5,0.405465108108164,10.5,758.625,401.68324407039,-3.64428857078606,11,4.61787906381793,10.6737800999871,125.877064741927,109.439625,372.7578288125,95.9646621621622,85.5425,240.415,159.535135135135,142.02,385.5,9.42192192192192,9.44444444444444,10,7.22222222222222,30.3108108108108,30,30,31,3.19763860610841,3.20003153837661,3.34652644641426,2.69939809952541,"Low",TRUE,-0.414302333384482,3,5.03917002239612,3.45635072732919,16.9430562803866,0.334627603826129,8.98035194956724,9.22013137699785,0.812405426978007,0.278427065808824,2.83584060580882,0.912070919480452,0.931800219280138,0.475522888079055,0.102160431756542,5.14133045415266
"FASMEE23","Button","Smoke","CW/KOH",20240912,"11/1/2024","Lampman","B11B","B11","B",TRUE,8,25,NA,"",NA,"","B",2023-10-11,2023-10-10 18:53:00,2023-10-11 00:53:00,3,"Blue","PTFE",4,52.28,13.07,2023-10-11 00:53:00,2023-10-11 01:06:04,"Arms loose on ATAT-RTH with time remaining on leland (1:56min)",26.14,0.02614,0.5,0.405465108108164,24.5,1770.125,937.26090283091,-3.64428857078606,11,4.61787906381793,10.6737800999871,125.877064741927,109.439625,372.7578288125,95.9646621621622,85.5425,240.415,159.535135135135,142.02,385.5,9.42192192192192,9.44444444444444,10,7.22222222222222,30.3108108108108,30,30,31,3.19763860610841,3.20003153837661,3.34652644641426,2.69939809952541,"Low",TRUE,-0.414302333384482,3,5.03917002239612,3.45635072732919,16.9430562803866,0.334627603826129,8.98035194956724,9.22013137699785,0.812405426978007,0.278427065808824,2.83584060580882,0.912070919480452,0.931800219280138,0.475522888079055,0.102160431756542,5.14133045415266
"FASMEE23","Button","Smoke","CW/KOH",20240912,"11/1/2024","Lampman","B11B","B11","B",TRUE,9,20,NA,"",2,".3,.125","B",2023-10-11,2023-10-10 18:53:00,2023-10-11 00:53:00,3,"Blue","PTFE",4,52.28,13.07,2023-10-11 00:53:00,2023-10-11 01:06:04,"Arms loose on ATAT-RTH with time remaining on leland (1:56min)",26.14,0.02614,0.5,0.405465108108164,19.5,1408.875,745.983167559296,-3.64428857078606,11,4.61787906381793,10.6737800999871,125.877064741927,109.439625,372.7578288125,95.9646621621622,85.5425,240.415,159.535135135135,142.02,385.5,9.42192192192192,9.44444444444444,10,7.22222222222222,30.3108108108108,30,30,31,3.19763860610841,3.20003153837661,3.34652644641426,2.69939809952541,"Low",TRUE,-0.414302333384482,3,5.03917002239612,3.45635072732919,16.9430562803866,0.334627603826129,8.98035194956724,9.22013137699785,0.812405426978007,0.278427065808824,2.83584060580882,0.912070919480452,0.931800219280138,0.475522888079055,0.102160431756542,5.14133045415266
"FASMEE23","Button","Smoke","CW/KOH",20240912,"11/1/2024","Lampman","B11B","B11","B",TRUE,10,8,NA,"",NA,"","B",2023-10-11,2023-10-10 18:53:00,2023-10-11 00:53:00,3,"Blue","PTFE",4,52.28,13.07,2023-10-11 00:53:00,2023-10-11 01:06:04,"Arms loose on ATAT-RTH with time remaining on leland (1:56min)",26.14,0.02614,0.5,0.405465108108164,7.5,541.875,286.916602907422,-3.64428857078606,11,4.61787906381793,10.6737800999871,125.877064741927,109.439625,372.7578288125,95.9646621621622,85.5425,240.415,159.535135135135,142.02,385.5,9.42192192192192,9.44444444444444,10,7.22222222222222,30.3108108108108,30,30,31,3.19763860610841,3.20003153837661,3.34652644641426,2.69939809952541,"Low",TRUE,-0.414302333384482,3,5.03917002239612,3.45635072732919,16.9430562803866,0.334627603826129,8.98035194956724,9.22013137699785,0.812405426978007,0.278427065808824,2.83584060580882,0.912070919480452,0.931800219280138,0.475522888079055,0.102160431756542,5.14133045415266
"FASMEE23","Button","Smoke","CW/KOH",20240505,"11/1/2024","Lampman","B5B","B5","B",TRUE,1,12,NA,"",NA,"","A",2023-10-09,2023-10-09 14:54:00,2023-10-09 20:54:00,2,"Blue","PTFE",4,60,15,2023-10-09 20:54:00,2023-10-09 21:09:00,"Tons of smoke, probably best sample",30,0.03,0,0,12,867,400,-3.50655789731998,5,7.20160566440354,50.0162437253734,3103.26210943214,2932.4924253125,7815.8236078125,194.019761904762,217.1475,367.875,1917.98297619048,1852.75,4665.25,15.1785714285714,15.5555555555556,17.2222222222222,11.6666666666667,22.452380952381,22,21,26,3.5190117864711,3.52343484519426,4.17015860168985,2.80102987605014,"High",TRUE,-0.090899026566829,2,322.174432012725,291.175399446569,1054.07936790501,105.517683963091,582.755660846674,886.417688767653,70.6668673551349,92.0002656892252,119.499623739225,0.848064293202289,0.865044227490499,9.80569197940171,9.4323295230792,331.606761535804
"FASMEE23","Button","Smoke","CW/KOH",20240505,"11/1/2024","Lampman","B5B","B5","B",TRUE,2,13,NA,"",NA,"","A",2023-10-09,2023-10-09 14:54:00,2023-10-09 20:54:00,2,"Blue","PTFE",4,60,15,2023-10-09 20:54:00,2023-10-09 21:09:00,"Tons of smoke, probably best sample",30,0.03,0,0,13,939.25,433.333333333333,-3.50655789731998,5,7.20160566440354,50.0162437253734,3103.26210943214,2932.4924253125,7815.8236078125,194.019761904762,217.1475,367.875,1917.98297619048,1852.75,4665.25,15.1785714285714,15.5555555555556,17.2222222222222,11.6666666666667,22.452380952381,22,21,26,3.5190117864711,3.52343484519426,4.17015860168985,2.80102987605014,"High",TRUE,-0.090899026566829,2,322.174432012725,291.175399446569,1054.07936790501,105.517683963091,582.755660846674,886.417688767653,70.6668673551349,92.0002656892252,119.499623739225,0.848064293202289,0.865044227490499,9.80569197940171,9.4323295230792,331.606761535804
"FASMEE23","Button","Smoke","CW/KOH",20240505,"11/1/2024","Lampman","B5B","B5","B",TRUE,3,8,NA,"",NA,"","A",2023-10-09,2023-10-09 14:54:00,2023-10-09 20:54:00,2,"Blue","PTFE",4,60,15,2023-10-09 20:54:00,2023-10-09 21:09:00,"Tons of smoke, probably best sample",30,0.03,0,0,8,578,266.666666666667,-3.50655789731998,5,7.20160566440354,50.0162437253734,3103.26210943214,2932.4924253125,7815.8236078125,194.019761904762,217.1475,367.875,1917.98297619048,1852.75,4665.25,15.1785714285714,15.5555555555556,17.2222222222222,11.6666666666667,22.452380952381,22,21,26,3.5190117864711,3.52343484519426,4.17015860168985,2.80102987605014,"High",TRUE,-0.090899026566829,2,322.174432012725,291.175399446569,1054.07936790501,105.517683963091,582.755660846674,886.417688767653,70.6668673551349,92.0002656892252,119.499623739225,0.848064293202289,0.865044227490499,9.80569197940171,9.4323295230792,331.606761535804
"FASMEE23","Button","Smoke","CW/KOH",20240505,"11/1/2024","Lampman","B5B","B5","B",TRUE,4,8,NA,"",NA,"","A",2023-10-09,2023-10-09 14:54:00,2023-10-09 20:54:00,2,"Blue","PTFE",4,60,15,2023-10-09 20:54:00,2023-10-09 21:09:00,"Tons of smoke, probably best sample",30,0.03,0,0,8,578,266.666666666667,-3.50655789731998,5,7.20160566440354,50.0162437253734,3103.26210943214,2932.4924253125,7815.8236078125,194.019761904762,217.1475,367.875,1917.98297619048,1852.75,4665.25,15.1785714285714,15.5555555555556,17.2222222222222,11.6666666666667,22.452380952381,22,21,26,3.5190117864711,3.52343484519426,4.17015860168985,2.80102987605014,"High",TRUE,-0.090899026566829,2,322.174432012725,291.175399446569,1054.07936790501,105.517683963091,582.755660846674,886.417688767653,70.6668673551349,92.0002656892252,119.499623739225,0.848064293202289,0.865044227490499,9.80569197940171,9.4323295230792,331.606761535804
"FASMEE23","Button","Smoke","CW/KOH",20240505,"11/1/2024","Lampman","B5B","B5","B",TRUE,5,9,NA,"",NA,"","A",2023-10-09,2023-10-09 14:54:00,2023-10-09 20:54:00,2,"Blue","PTFE",4,60,15,2023-10-09 20:54:00,2023-10-09 21:09:00,"Tons of smoke, probably best sample",30,0.03,0,0,9,650.25,300,-3.50655789731998,5,7.20160566440354,50.0162437253734,3103.26210943214,2932.4924253125,7815.8236078125,194.019761904762,217.1475,367.875,1917.98297619048,1852.75,4665.25,15.1785714285714,15.5555555555556,17.2222222222222,11.6666666666667,22.452380952381,22,21,26,3.5190117864711,3.52343484519426,4.17015860168985,2.80102987605014,"High",TRUE,-0.090899026566829,2,322.174432012725,291.175399446569,1054.07936790501,105.517683963091,582.755660846674,886.417688767653,70.6668673551349,92.0002656892252,119.499623739225,0.848064293202289,0.865044227490499,9.80569197940171,9.4323295230792,331.606761535804
"FASMEE23","Button","Smoke","CW/KOH",20240505,"11/1/2024","Lampman","B5B","B5","B",TRUE,6,8,NA,"",2,".125,.25","A",2023-10-09,2023-10-09 14:54:00,2023-10-09 20:54:00,2,"Blue","PTFE",4,60,15,2023-10-09 20:54:00,2023-10-09 21:09:00,"Tons of smoke, probably best sample",30,0.03,0,0,8,578,266.666666666667,-3.50655789731998,5,7.20160566440354,50.0162437253734,3103.26210943214,2932.4924253125,7815.8236078125,194.019761904762,217.1475,367.875,1917.98297619048,1852.75,4665.25,15.1785714285714,15.5555555555556,17.2222222222222,11.6666666666667,22.452380952381,22,21,26,3.5190117864711,3.52343484519426,4.17015860168985,2.80102987605014,"High",TRUE,-0.090899026566829,2,322.174432012725,291.175399446569,1054.07936790501,105.517683963091,582.755660846674,886.417688767653,70.6668673551349,92.0002656892252,119.499623739225,0.848064293202289,0.865044227490499,9.80569197940171,9.4323295230792,331.606761535804
"FASMEE23","Button","Smoke","CW/KOH",20240505,"11/1/2024","Lampman","B5B","B5","B",TRUE,7,6,NA,"",NA,"","A",2023-10-09,2023-10-09 14:54:00,2023-10-09 20:54:00,2,"Blue","PTFE",4,60,15,2023-10-09 20:54:00,2023-10-09 21:09:00,"Tons of smoke, probably best sample",30,0.03,0,0,6,433.5,200,-3.50655789731998,5,7.20160566440354,50.0162437253734,3103.26210943214,2932.4924253125,7815.8236078125,194.019761904762,217.1475,367.875,1917.98297619048,1852.75,4665.25,15.1785714285714,15.5555555555556,17.2222222222222,11.6666666666667,22.452380952381,22,21,26,3.5190117864711,3.52343484519426,4.17015860168985,2.80102987605014,"High",TRUE,-0.090899026566829,2,322.174432012725,291.175399446569,1054.07936790501,105.517683963091,582.755660846674,886.417688767653,70.6668673551349,92.0002656892252,119.499623739225,0.848064293202289,0.865044227490499,9.80569197940171,9.4323295230792,331.606761535804
"FASMEE23","Button","Smoke","CW/KOH",20240505,"11/1/2024","Lampman","B5B","B5","B",TRUE,8,3,NA,"",NA,"","A",2023-10-09,2023-10-09 14:54:00,2023-10-09 20:54:00,2,"Blue","PTFE",4,60,15,2023-10-09 20:54:00,2023-10-09 21:09:00,"Tons of smoke, probably best sample",30,0.03,0,0,3,216.75,100,-3.50655789731998,5,7.20160566440354,50.0162437253734,3103.26210943214,2932.4924253125,7815.8236078125,194.019761904762,217.1475,367.875,1917.98297619048,1852.75,4665.25,15.1785714285714,15.5555555555556,17.2222222222222,11.6666666666667,22.452380952381,22,21,26,3.5190117864711,3.52343484519426,4.17015860168985,2.80102987605014,"High",TRUE,-0.090899026566829,2,322.174432012725,291.175399446569,1054.07936790501,105.517683963091,582.755660846674,886.417688767653,70.6668673551349,92.0002656892252,119.499623739225,0.848064293202289,0.865044227490499,9.80569197940171,9.4323295230792,331.606761535804
"FASMEE23","Button","Smoke","CW/KOH",20240505,"11/1/2024","Lampman","B5B","B5","B",TRUE,9,4,NA,"",NA,"","A",2023-10-09,2023-10-09 14:54:00,2023-10-09 20:54:00,2,"Blue","PTFE",4,60,15,2023-10-09 20:54:00,2023-10-09 21:09:00,"Tons of smoke, probably best sample",30,0.03,0,0,4,289,133.333333333333,-3.50655789731998,5,7.20160566440354,50.0162437253734,3103.26210943214,2932.4924253125,7815.8236078125,194.019761904762,217.1475,367.875,1917.98297619048,1852.75,4665.25,15.1785714285714,15.5555555555556,17.2222222222222,11.6666666666667,22.452380952381,22,21,26,3.5190117864711,3.52343484519426,4.17015860168985,2.80102987605014,"High",TRUE,-0.090899026566829,2,322.174432012725,291.175399446569,1054.07936790501,105.517683963091,582.755660846674,886.417688767653,70.6668673551349,92.0002656892252,119.499623739225,0.848064293202289,0.865044227490499,9.80569197940171,9.4323295230792,331.606761535804
"FASMEE23","Button","Smoke","CW/KOH",20240505,"11/1/2024","Lampman","B5B","B5","B",TRUE,10,7,NA,"",NA,"","A",2023-10-09,2023-10-09 14:54:00,2023-10-09 20:54:00,2,"Blue","PTFE",4,60,15,2023-10-09 20:54:00,2023-10-09 21:09:00,"Tons of smoke, probably best sample",30,0.03,0,0,7,505.75,233.333333333333,-3.50655789731998,5,7.20160566440354,50.0162437253734,3103.26210943214,2932.4924253125,7815.8236078125,194.019761904762,217.1475,367.875,1917.98297619048,1852.75,4665.25,15.1785714285714,15.5555555555556,17.2222222222222,11.6666666666667,22.452380952381,22,21,26,3.5190117864711,3.52343484519426,4.17015860168985,2.80102987605014,"High",TRUE,-0.090899026566829,2,322.174432012725,291.175399446569,1054.07936790501,105.517683963091,582.755660846674,886.417688767653,70.6668673551349,92.0002656892252,119.499623739225,0.848064293202289,0.865044227490499,9.80569197940171,9.4323295230792,331.606761535804
"FASMEE23","Button","Ambient","CW/KOH",20240505,"11/1/2024","Lampman","B1B","B1","B",FALSE,1,0,NA,"",NA,"","A",2023-10-08,2023-10-08 14:48:00,2023-10-08 20:48:00,1,"Blue","PTFE",4,40,10,2023-10-08 20:48:00,2023-10-08 20:58:00,"",20,0.02,0,0,0,0,0,-3.91202300542815,1,1.3075505126615,1.9228904705562,3.69790769230769,3.686,3.858,0,0,0,0.0166923076923077,0,0.375,19.8717948717949,19.4444444444444,21.1111111111111,18.3333333333333,23.8615384615385,24,22,26,4.82188619030089,4.73837584914535,5.14397613428947,4.37656394135745,"None",FALSE,1.12404197738427,NA,NA,NA,NA,NA,NA,NA,NA,NA,NA,NA,NA,NA,NA,NA
"FASMEE23","Button","Ambient","CW/KOH",20240505,"11/1/2024","Lampman","B1B","B1","B",TRUE,2,4,NA,"",NA,"","A",2023-10-08,2023-10-08 14:48:00,2023-10-08 20:48:00,1,"Blue","PTFE",4,40,10,2023-10-08 20:48:00,2023-10-08 20:58:00,"",20,0.02,0,0,4,289,200,-3.91202300542815,1,1.3075505126615,1.9228904705562,3.69790769230769,3.686,3.858,0,0,0,0.0166923076923077,0,0.375,19.8717948717949,19.4444444444444,21.1111111111111,18.3333333333333,23.8615384615385,24,22,26,4.82188619030089,4.73837584914535,5.14397613428947,4.37656394135745,"None",TRUE,1.12404197738427,NA,NA,NA,NA,NA,NA,NA,NA,NA,NA,NA,NA,NA,NA,NA
"FASMEE23","Button","Ambient","CW/KOH",20240505,"11/1/2024","Lampman","B1B","B1","B",TRUE,3,11,NA,"",NA,"","A",2023-10-08,2023-10-08 14:48:00,2023-10-08 20:48:00,1,"Blue","PTFE",4,40,10,2023-10-08 20:48:00,2023-10-08 20:58:00,"",20,0.02,0,0,11,794.75,550,-3.91202300542815,1,1.3075505126615,1.9228904705562,3.69790769230769,3.686,3.858,0,0,0,0.0166923076923077,0,0.375,19.8717948717949,19.4444444444444,21.1111111111111,18.3333333333333,23.8615384615385,24,22,26,4.82188619030089,4.73837584914535,5.14397613428947,4.37656394135745,"None",TRUE,1.12404197738427,NA,NA,NA,NA,NA,NA,NA,NA,NA,NA,NA,NA,NA,NA,NA
"FASMEE23","Button","Ambient","CW/KOH",20240505,"11/1/2024","Lampman","B1B","B1","B",TRUE,4,1,NA,"",NA,"","A",2023-10-08,2023-10-08 14:48:00,2023-10-08 20:48:00,1,"Blue","PTFE",4,40,10,2023-10-08 20:48:00,2023-10-08 20:58:00,"",20,0.02,0,0,1,72.25,50,-3.91202300542815,1,1.3075505126615,1.9228904705562,3.69790769230769,3.686,3.858,0,0,0,0.0166923076923077,0,0.375,19.8717948717949,19.4444444444444,21.1111111111111,18.3333333333333,23.8615384615385,24,22,26,4.82188619030089,4.73837584914535,5.14397613428947,4.37656394135745,"None",TRUE,1.12404197738427,NA,NA,NA,NA,NA,NA,NA,NA,NA,NA,NA,NA,NA,NA,NA
"FASMEE23","Button","Ambient","CW/KOH",20240505,"11/1/2024","Lampman","B1B","B1","B",TRUE,5,1,NA,"",NA,"","A",2023-10-08,2023-10-08 14:48:00,2023-10-08 20:48:00,1,"Blue","PTFE",4,40,10,2023-10-08 20:48:00,2023-10-08 20:58:00,"",20,0.02,0,0,1,72.25,50,-3.91202300542815,1,1.3075505126615,1.9228904705562,3.69790769230769,3.686,3.858,0,0,0,0.0166923076923077,0,0.375,19.8717948717949,19.4444444444444,21.1111111111111,18.3333333333333,23.8615384615385,24,22,26,4.82188619030089,4.73837584914535,5.14397613428947,4.37656394135745,"None",TRUE,1.12404197738427,NA,NA,NA,NA,NA,NA,NA,NA,NA,NA,NA,NA,NA,NA,NA
"FASMEE23","Button","Ambient","CW/KOH",20240505,"11/1/2024","Lampman","B1B","B1","B",FALSE,6,0,NA,"",NA,"","A",2023-10-08,2023-10-08 14:48:00,2023-10-08 20:48:00,1,"Blue","PTFE",4,40,10,2023-10-08 20:48:00,2023-10-08 20:58:00,"",20,0.02,0,0,0,0,0,-3.91202300542815,1,1.3075505126615,1.9228904705562,3.69790769230769,3.686,3.858,0,0,0,0.0166923076923077,0,0.375,19.8717948717949,19.4444444444444,21.1111111111111,18.3333333333333,23.8615384615385,24,22,26,4.82188619030089,4.73837584914535,5.14397613428947,4.37656394135745,"None",FALSE,1.12404197738427,NA,NA,NA,NA,NA,NA,NA,NA,NA,NA,NA,NA,NA,NA,NA
"FASMEE23","Button","Ambient","CW/KOH",20240505,"11/1/2024","Lampman","B1B","B1","B",TRUE,7,5,NA,"",3,".25,.25,.125","A",2023-10-08,2023-10-08 14:48:00,2023-10-08 20:48:00,1,"Blue","PTFE",4,40,10,2023-10-08 20:48:00,2023-10-08 20:58:00,"",20,0.02,0,0,5,361.25,250,-3.91202300542815,1,1.3075505126615,1.9228904705562,3.69790769230769,3.686,3.858,0,0,0,0.0166923076923077,0,0.375,19.8717948717949,19.4444444444444,21.1111111111111,18.3333333333333,23.8615384615385,24,22,26,4.82188619030089,4.73837584914535,5.14397613428947,4.37656394135745,"None",TRUE,1.12404197738427,NA,NA,NA,NA,NA,NA,NA,NA,NA,NA,NA,NA,NA,NA,NA
"FASMEE23","Button","Ambient","CW/KOH",20240505,"11/1/2024","Lampman","B1B","B1","B",TRUE,8,7,NA,"",NA,"","A",2023-10-08,2023-10-08 14:48:00,2023-10-08 20:48:00,1,"Blue","PTFE",4,40,10,2023-10-08 20:48:00,2023-10-08 20:58:00,"",20,0.02,0,0,7,505.75,350,-3.91202300542815,1,1.3075505126615,1.9228904705562,3.69790769230769,3.686,3.858,0,0,0,0.0166923076923077,0,0.375,19.8717948717949,19.4444444444444,21.1111111111111,18.3333333333333,23.8615384615385,24,22,26,4.82188619030089,4.73837584914535,5.14397613428947,4.37656394135745,"None",TRUE,1.12404197738427,NA,NA,NA,NA,NA,NA,NA,NA,NA,NA,NA,NA,NA,NA,NA
"FASMEE23","Button","Ambient","CW/KOH",20240505,"11/1/2024","Lampman","B1B","B1","B",TRUE,9,9,NA,"",1,"0.5","A",2023-10-08,2023-10-08 14:48:00,2023-10-08 20:48:00,1,"Blue","PTFE",4,40,10,2023-10-08 20:48:00,2023-10-08 20:58:00,"",20,0.02,0,0,9,650.25,450,-3.91202300542815,1,1.3075505126615,1.9228904705562,3.69790769230769,3.686,3.858,0,0,0,0.0166923076923077,0,0.375,19.8717948717949,19.4444444444444,21.1111111111111,18.3333333333333,23.8615384615385,24,22,26,4.82188619030089,4.73837584914535,5.14397613428947,4.37656394135745,"None",TRUE,1.12404197738427,NA,NA,NA,NA,NA,NA,NA,NA,NA,NA,NA,NA,NA,NA,NA
"FASMEE23","Button","Ambient","CW/KOH",20240505,"11/1/2024","Lampman","B1B","B1","B",TRUE,10,6,NA,"",NA,"","A",2023-10-08,2023-10-08 14:48:00,2023-10-08 20:48:00,1,"Blue","PTFE",4,40,10,2023-10-08 20:48:00,2023-10-08 20:58:00,"",20,0.02,0,0,6,433.5,300,-3.91202300542815,1,1.3075505126615,1.9228904705562,3.69790769230769,3.686,3.858,0,0,0,0.0166923076923077,0,0.375,19.8717948717949,19.4444444444444,21.1111111111111,18.3333333333333,23.8615384615385,24,22,26,4.82188619030089,4.73837584914535,5.14397613428947,4.37656394135745,"None",TRUE,1.12404197738427,NA,NA,NA,NA,NA,NA,NA,NA,NA,NA,NA,NA,NA,NA,NA
"FASMEE23","Button","Ambient","CW/KOH",20241210,"12/11/2024","Lampman","B2B","2B","B",TRUE,1,1,NA,"",1,"0.0625","D",2023-10-08,2023-10-08 15:41:00,2023-10-08 21:41:00,1,"Blue","PTFE",4,40,10,2023-10-08 21:41:00,2023-10-08 21:51:00,"",20,0.02,0.2,0.182321556793955,0.8,57.8,40,-3.91202300542815,2,1.27807090243764,1.89695011252345,3.60752222222222,3.514,4.64,0.0863888888888889,0,1,0.325648148148148,0,2,14.3103448275862,14.1666666666667,15.5555555555556,12.7777777777778,26.5862068965517,26,25,30,3.80315690124411,3.870117245036,4.03730877881372,3.5555960775929,"None",TRUE,0.255783373274917,NA,NA,NA,NA,NA,NA,NA,NA,NA,NA,NA,NA,NA,NA,NA
"FASMEE23","Button","Ambient","CW/KOH",20241210,"12/11/2024","Lampman","B2B","2B","B",TRUE,2,2,NA,"",1,"0.3","D",2023-10-08,2023-10-08 15:41:00,2023-10-08 21:41:00,1,"Blue","PTFE",4,40,10,2023-10-08 21:41:00,2023-10-08 21:51:00,"",20,0.02,0.2,0.182321556793955,1.8,130.05,90,-3.91202300542815,2,1.27807090243764,1.89695011252345,3.60752222222222,3.514,4.64,0.0863888888888889,0,1,0.325648148148148,0,2,14.3103448275862,14.1666666666667,15.5555555555556,12.7777777777778,26.5862068965517,26,25,30,3.80315690124411,3.870117245036,4.03730877881372,3.5555960775929,"None",TRUE,0.255783373274917,NA,NA,NA,NA,NA,NA,NA,NA,NA,NA,NA,NA,NA,NA,NA
"FASMEE23","Button","Ambient","CW/KOH",20241210,"12/11/2024","Lampman","B2B","2B","B",FALSE,3,0,NA,"",2,".3,.3","D",2023-10-08,2023-10-08 15:41:00,2023-10-08 21:41:00,1,"Blue","PTFE",4,40,10,2023-10-08 21:41:00,2023-10-08 21:51:00,"",20,0.02,0.2,0.182321556793955,0,0,0,-3.91202300542815,2,1.27807090243764,1.89695011252345,3.60752222222222,3.514,4.64,0.0863888888888889,0,1,0.325648148148148,0,2,14.3103448275862,14.1666666666667,15.5555555555556,12.7777777777778,26.5862068965517,26,25,30,3.80315690124411,3.870117245036,4.03730877881372,3.5555960775929,"None",FALSE,0.255783373274917,NA,NA,NA,NA,NA,NA,NA,NA,NA,NA,NA,NA,NA,NA,NA
"FASMEE23","Button","Ambient","CW/KOH",20241210,"12/11/2024","Lampman","B2B","2B","B",TRUE,4,1,NA,"",1,".03125,.0625","D",2023-10-08,2023-10-08 15:41:00,2023-10-08 21:41:00,1,"Blue","PTFE",4,40,10,2023-10-08 21:41:00,2023-10-08 21:51:00,"",20,0.02,0.2,0.182321556793955,0.8,57.8,40,-3.91202300542815,2,1.27807090243764,1.89695011252345,3.60752222222222,3.514,4.64,0.0863888888888889,0,1,0.325648148148148,0,2,14.3103448275862,14.1666666666667,15.5555555555556,12.7777777777778,26.5862068965517,26,25,30,3.80315690124411,3.870117245036,4.03730877881372,3.5555960775929,"None",TRUE,0.255783373274917,NA,NA,NA,NA,NA,NA,NA,NA,NA,NA,NA,NA,NA,NA,NA
"FASMEE23","Button","Ambient","CW/KOH",20241210,"12/11/2024","Lampman","B2B","2B","B",FALSE,5,0,NA,"",0,"","D",2023-10-08,2023-10-08 15:41:00,2023-10-08 21:41:00,1,"Blue","PTFE",4,40,10,2023-10-08 21:41:00,2023-10-08 21:51:00,"",20,0.02,0.2,0.182321556793955,0,0,0,-3.91202300542815,2,1.27807090243764,1.89695011252345,3.60752222222222,3.514,4.64,0.0863888888888889,0,1,0.325648148148148,0,2,14.3103448275862,14.1666666666667,15.5555555555556,12.7777777777778,26.5862068965517,26,25,30,3.80315690124411,3.870117245036,4.03730877881372,3.5555960775929,"None",FALSE,0.255783373274917,NA,NA,NA,NA,NA,NA,NA,NA,NA,NA,NA,NA,NA,NA,NA
"FASMEE23","Button","Ambient","CW/KOH",20241210,"12/11/2024","Lampman","B2B","2B","B",TRUE,6,4,NA,"",0,"","D",2023-10-08,2023-10-08 15:41:00,2023-10-08 21:41:00,1,"Blue","PTFE",4,40,10,2023-10-08 21:41:00,2023-10-08 21:51:00,"",20,0.02,0.2,0.182321556793955,3.8,274.55,190,-3.91202300542815,2,1.27807090243764,1.89695011252345,3.60752222222222,3.514,4.64,0.0863888888888889,0,1,0.325648148148148,0,2,14.3103448275862,14.1666666666667,15.5555555555556,12.7777777777778,26.5862068965517,26,25,30,3.80315690124411,3.870117245036,4.03730877881372,3.5555960775929,"None",TRUE,0.255783373274917,NA,NA,NA,NA,NA,NA,NA,NA,NA,NA,NA,NA,NA,NA,NA
"FASMEE23","Button","Ambient","CW/KOH",20241210,"12/11/2024","Lampman","B2B","2B","B",TRUE,7,1,NA,"",0,"","D",2023-10-08,2023-10-08 15:41:00,2023-10-08 21:41:00,1,"Blue","PTFE",4,40,10,2023-10-08 21:41:00,2023-10-08 21:51:00,"",20,0.02,0.2,0.182321556793955,0.8,57.8,40,-3.91202300542815,2,1.27807090243764,1.89695011252345,3.60752222222222,3.514,4.64,0.0863888888888889,0,1,0.325648148148148,0,2,14.3103448275862,14.1666666666667,15.5555555555556,12.7777777777778,26.5862068965517,26,25,30,3.80315690124411,3.870117245036,4.03730877881372,3.5555960775929,"None",TRUE,0.255783373274917,NA,NA,NA,NA,NA,NA,NA,NA,NA,NA,NA,NA,NA,NA,NA
"FASMEE23","Button","Ambient","CW/KOH",20241210,"12/11/2024","Lampman","B2B","2B","B",FALSE,8,0,NA,"",1,"0.25","D",2023-10-08,2023-10-08 15:41:00,2023-10-08 21:41:00,1,"Blue","PTFE",4,40,10,2023-10-08 21:41:00,2023-10-08 21:51:00,"",20,0.02,0.2,0.182321556793955,0,0,0,-3.91202300542815,2,1.27807090243764,1.89695011252345,3.60752222222222,3.514,4.64,0.0863888888888889,0,1,0.325648148148148,0,2,14.3103448275862,14.1666666666667,15.5555555555556,12.7777777777778,26.5862068965517,26,25,30,3.80315690124411,3.870117245036,4.03730877881372,3.5555960775929,"None",FALSE,0.255783373274917,NA,NA,NA,NA,NA,NA,NA,NA,NA,NA,NA,NA,NA,NA,NA
"FASMEE23","Button","Ambient","CW/KOH",20241210,"12/11/2024","Lampman","B2B","2B","B",TRUE,9,2,NA,"",0,"","D",2023-10-08,2023-10-08 15:41:00,2023-10-08 21:41:00,1,"Blue","PTFE",4,40,10,2023-10-08 21:41:00,2023-10-08 21:51:00,"",20,0.02,0.2,0.182321556793955,1.8,130.05,90,-3.91202300542815,2,1.27807090243764,1.89695011252345,3.60752222222222,3.514,4.64,0.0863888888888889,0,1,0.325648148148148,0,2,14.3103448275862,14.1666666666667,15.5555555555556,12.7777777777778,26.5862068965517,26,25,30,3.80315690124411,3.870117245036,4.03730877881372,3.5555960775929,"None",TRUE,0.255783373274917,NA,NA,NA,NA,NA,NA,NA,NA,NA,NA,NA,NA,NA,NA,NA
"FASMEE23","Button","Ambient","CW/KOH",20241210,"12/11/2024","Lampman","B2B","2B","B",TRUE,10,2,NA,"",2,".5,.5","D",2023-10-08,2023-10-08 15:41:00,2023-10-08 21:41:00,1,"Blue","PTFE",4,40,10,2023-10-08 21:41:00,2023-10-08 21:51:00,"",20,0.02,0.2,0.182321556793955,1.8,130.05,90,-3.91202300542815,2,1.27807090243764,1.89695011252345,3.60752222222222,3.514,4.64,0.0863888888888889,0,1,0.325648148148148,0,2,14.3103448275862,14.1666666666667,15.5555555555556,12.7777777777778,26.5862068965517,26,25,30,3.80315690124411,3.870117245036,4.03730877881372,3.5555960775929,"None",TRUE,0.255783373274917,NA,NA,NA,NA,NA,NA,NA,NA,NA,NA,NA,NA,NA,NA,NA
"FASMEE23","Button","Ambient","CW/KOH",20241217,"12/20/2024","Lampman","B3B","B3B","B",FALSE,1,0,NA,"",NA,"","D",2023-10-09,2023-10-09 12:17:00,2023-10-09 18:17:00,2,"Blue","PTFE",4,40,10,2023-10-09 18:17:00,2023-10-09 18:27:00,"",20,0.02,0.2,0.182321556793955,0,0,0,-3.91202300542815,3,1.31737637166247,1.93283124347945,3.73816363636364,3.772,4.856,0.0431818181818182,0,2.25,0.0431818181818182,0,2.25,14.1910331384016,13.8888888888889,16.1111111111111,11.6666666666667,23.6842105263158,23,21,26,3.35815549149463,3.54856909262987,4.02892321604069,2.75476213820575,"None",FALSE,-0.0657647791312153,NA,NA,NA,NA,NA,NA,NA,NA,NA,NA,NA,NA,NA,NA,NA
"FASMEE23","Button","Ambient","CW/KOH",20241217,"12/20/2024","Lampman","B3B","B3B","B",FALSE,2,0,NA,"",1,"0.3","D",2023-10-09,2023-10-09 12:17:00,2023-10-09 18:17:00,2,"Blue","PTFE",4,40,10,2023-10-09 18:17:00,2023-10-09 18:27:00,"",20,0.02,0.2,0.182321556793955,0,0,0,-3.91202300542815,3,1.31737637166247,1.93283124347945,3.73816363636364,3.772,4.856,0.0431818181818182,0,2.25,0.0431818181818182,0,2.25,14.1910331384016,13.8888888888889,16.1111111111111,11.6666666666667,23.6842105263158,23,21,26,3.35815549149463,3.54856909262987,4.02892321604069,2.75476213820575,"None",FALSE,-0.0657647791312153,NA,NA,NA,NA,NA,NA,NA,NA,NA,NA,NA,NA,NA,NA,NA
"FASMEE23","Button","Ambient","CW/KOH",20241217,"12/20/2024","Lampman","B3B","B3B","B",FALSE,3,0,NA,"",0,"0","D",2023-10-09,2023-10-09 12:17:00,2023-10-09 18:17:00,2,"Blue","PTFE",4,40,10,2023-10-09 18:17:00,2023-10-09 18:27:00,"",20,0.02,0.2,0.182321556793955,0,0,0,-3.91202300542815,3,1.31737637166247,1.93283124347945,3.73816363636364,3.772,4.856,0.0431818181818182,0,2.25,0.0431818181818182,0,2.25,14.1910331384016,13.8888888888889,16.1111111111111,11.6666666666667,23.6842105263158,23,21,26,3.35815549149463,3.54856909262987,4.02892321604069,2.75476213820575,"None",FALSE,-0.0657647791312153,NA,NA,NA,NA,NA,NA,NA,NA,NA,NA,NA,NA,NA,NA,NA
"FASMEE23","Button","Ambient","CW/KOH",20241217,"12/20/2024","Lampman","B3B","B3B","B",FALSE,4,0,NA,"",NA,"","D",2023-10-09,2023-10-09 12:17:00,2023-10-09 18:17:00,2,"Blue","PTFE",4,40,10,2023-10-09 18:17:00,2023-10-09 18:27:00,"",20,0.02,0.2,0.182321556793955,0,0,0,-3.91202300542815,3,1.31737637166247,1.93283124347945,3.73816363636364,3.772,4.856,0.0431818181818182,0,2.25,0.0431818181818182,0,2.25,14.1910331384016,13.8888888888889,16.1111111111111,11.6666666666667,23.6842105263158,23,21,26,3.35815549149463,3.54856909262987,4.02892321604069,2.75476213820575,"None",FALSE,-0.0657647791312153,NA,NA,NA,NA,NA,NA,NA,NA,NA,NA,NA,NA,NA,NA,NA
"FASMEE23","Button","Ambient","CW/KOH",20241217,"12/20/2024","Lampman","B3B","B3B","B",FALSE,5,0,NA,"",1,"0.0625","D",2023-10-09,2023-10-09 12:17:00,2023-10-09 18:17:00,2,"Blue","PTFE",4,40,10,2023-10-09 18:17:00,2023-10-09 18:27:00,"",20,0.02,0.2,0.182321556793955,0,0,0,-3.91202300542815,3,1.31737637166247,1.93283124347945,3.73816363636364,3.772,4.856,0.0431818181818182,0,2.25,0.0431818181818182,0,2.25,14.1910331384016,13.8888888888889,16.1111111111111,11.6666666666667,23.6842105263158,23,21,26,3.35815549149463,3.54856909262987,4.02892321604069,2.75476213820575,"None",FALSE,-0.0657647791312153,NA,NA,NA,NA,NA,NA,NA,NA,NA,NA,NA,NA,NA,NA,NA
"FASMEE23","Button","Ambient","CW/KOH",20241217,"12/20/2024","Lampman","B3B","B3B","B",TRUE,6,2,NA,"",0,"","D",2023-10-09,2023-10-09 12:17:00,2023-10-09 18:17:00,2,"Blue","PTFE",4,40,10,2023-10-09 18:17:00,2023-10-09 18:27:00,"",20,0.02,0.2,0.182321556793955,1.8,130.05,90,-3.91202300542815,3,1.31737637166247,1.93283124347945,3.73816363636364,3.772,4.856,0.0431818181818182,0,2.25,0.0431818181818182,0,2.25,14.1910331384016,13.8888888888889,16.1111111111111,11.6666666666667,23.6842105263158,23,21,26,3.35815549149463,3.54856909262987,4.02892321604069,2.75476213820575,"None",TRUE,-0.0657647791312153,NA,NA,NA,NA,NA,NA,NA,NA,NA,NA,NA,NA,NA,NA,NA
"FASMEE23","Button","Ambient","CW/KOH",20241217,"12/20/2024","Lampman","B3B","B3B","B",TRUE,7,3,NA,"",0,"0","D",2023-10-09,2023-10-09 12:17:00,2023-10-09 18:17:00,2,"Blue","PTFE",4,40,10,2023-10-09 18:17:00,2023-10-09 18:27:00,"",20,0.02,0.2,0.182321556793955,2.8,202.3,140,-3.91202300542815,3,1.31737637166247,1.93283124347945,3.73816363636364,3.772,4.856,0.0431818181818182,0,2.25,0.0431818181818182,0,2.25,14.1910331384016,13.8888888888889,16.1111111111111,11.6666666666667,23.6842105263158,23,21,26,3.35815549149463,3.54856909262987,4.02892321604069,2.75476213820575,"None",TRUE,-0.0657647791312153,NA,NA,NA,NA,NA,NA,NA,NA,NA,NA,NA,NA,NA,NA,NA
"FASMEE23","Button","Ambient","CW/KOH",20241217,"12/20/2024","Lampman","B3B","B3B","B",FALSE,8,0,NA,"",NA,"","D",2023-10-09,2023-10-09 12:17:00,2023-10-09 18:17:00,2,"Blue","PTFE",4,40,10,2023-10-09 18:17:00,2023-10-09 18:27:00,"",20,0.02,0.2,0.182321556793955,0,0,0,-3.91202300542815,3,1.31737637166247,1.93283124347945,3.73816363636364,3.772,4.856,0.0431818181818182,0,2.25,0.0431818181818182,0,2.25,14.1910331384016,13.8888888888889,16.1111111111111,11.6666666666667,23.6842105263158,23,21,26,3.35815549149463,3.54856909262987,4.02892321604069,2.75476213820575,"None",FALSE,-0.0657647791312153,NA,NA,NA,NA,NA,NA,NA,NA,NA,NA,NA,NA,NA,NA,NA
"FASMEE23","Button","Ambient","CW/KOH",20241217,"12/20/2024","Lampman","B3B","B3B","B",FALSE,9,0,NA,"",NA,"","D",2023-10-09,2023-10-09 12:17:00,2023-10-09 18:17:00,2,"Blue","PTFE",4,40,10,2023-10-09 18:17:00,2023-10-09 18:27:00,"",20,0.02,0.2,0.182321556793955,0,0,0,-3.91202300542815,3,1.31737637166247,1.93283124347945,3.73816363636364,3.772,4.856,0.0431818181818182,0,2.25,0.0431818181818182,0,2.25,14.1910331384016,13.8888888888889,16.1111111111111,11.6666666666667,23.6842105263158,23,21,26,3.35815549149463,3.54856909262987,4.02892321604069,2.75476213820575,"None",FALSE,-0.0657647791312153,NA,NA,NA,NA,NA,NA,NA,NA,NA,NA,NA,NA,NA,NA,NA
"FASMEE23","Button","Ambient","CW/KOH",20241217,"12/20/2024","Lampman","B3B","B3B","B",TRUE,10,2,NA,"",2,".0625, .166","D",2023-10-09,2023-10-09 12:17:00,2023-10-09 18:17:00,2,"Blue","PTFE",4,40,10,2023-10-09 18:17:00,2023-10-09 18:27:00,"",20,0.02,0.2,0.182321556793955,1.8,130.05,90,-3.91202300542815,3,1.31737637166247,1.93283124347945,3.73816363636364,3.772,4.856,0.0431818181818182,0,2.25,0.0431818181818182,0,2.25,14.1910331384016,13.8888888888889,16.1111111111111,11.6666666666667,23.6842105263158,23,21,26,3.35815549149463,3.54856909262987,4.02892321604069,2.75476213820575,"None",TRUE,-0.0657647791312153,NA,NA,NA,NA,NA,NA,NA,NA,NA,NA,NA,NA,NA,NA,NA
"FASMEE23","Button","Smoke","CW/KOH",20250221,"3/12/2025","Lampman","B7B","B7","B",FALSE,1,0,NA,"",0,"","F",2023-10-10,2023-10-09 18:17:00,2023-10-10 00:17:00,2,"Blue","PTFE",4,60,15,2023-10-10 00:17:00,2023-10-10 00:32:00,"",30,0.03,0,0,0,0,0,-3.50655789731998,7,6.36907002888128,35.6010366289333,1625.57047762356,1670.54742003125,4296.5472918125,191.864464285714,243.5,323.75,1134.54755952381,1266.25,2565.125,11.9378306878307,12.2222222222222,12.7777777777778,9.44444444444444,27.4642857142857,27,27,29,3.43830869055206,3.49798559298276,3.81130962441916,2.83267941327911,"High",FALSE,-0.11634827877833,NA,NA,NA,NA,NA,NA,NA,NA,NA,NA,NA,NA,NA,NA,NA
"FASMEE23","Button","Smoke","CW/KOH",20250221,"3/12/2025","Lampman","B7B","B7","B",FALSE,2,0,NA,"",0,"","F",2023-10-10,2023-10-09 18:17:00,2023-10-10 00:17:00,2,"Blue","PTFE",4,60,15,2023-10-10 00:17:00,2023-10-10 00:32:00,"",30,0.03,0,0,0,0,0,-3.50655789731998,7,6.36907002888128,35.6010366289333,1625.57047762356,1670.54742003125,4296.5472918125,191.864464285714,243.5,323.75,1134.54755952381,1266.25,2565.125,11.9378306878307,12.2222222222222,12.7777777777778,9.44444444444444,27.4642857142857,27,27,29,3.43830869055206,3.49798559298276,3.81130962441916,2.83267941327911,"High",FALSE,-0.11634827877833,NA,NA,NA,NA,NA,NA,NA,NA,NA,NA,NA,NA,NA,NA,NA
"FASMEE23","Button","Smoke","CW/KOH",20250221,"3/12/2025","Lampman","B7B","B7","B",FALSE,3,0,NA,"",0,"","F",2023-10-10,2023-10-09 18:17:00,2023-10-10 00:17:00,2,"Blue","PTFE",4,60,15,2023-10-10 00:17:00,2023-10-10 00:32:00,"",30,0.03,0,0,0,0,0,-3.50655789731998,7,6.36907002888128,35.6010366289333,1625.57047762356,1670.54742003125,4296.5472918125,191.864464285714,243.5,323.75,1134.54755952381,1266.25,2565.125,11.9378306878307,12.2222222222222,12.7777777777778,9.44444444444444,27.4642857142857,27,27,29,3.43830869055206,3.49798559298276,3.81130962441916,2.83267941327911,"High",FALSE,-0.11634827877833,NA,NA,NA,NA,NA,NA,NA,NA,NA,NA,NA,NA,NA,NA,NA
"FASMEE23","Button","Smoke","CW/KOH",20250221,"3/12/2025","Lampman","B7B","B7","B",FALSE,4,0,NA,"",1,"0.2","F",2023-10-10,2023-10-09 18:17:00,2023-10-10 00:17:00,2,"Blue","PTFE",4,60,15,2023-10-10 00:17:00,2023-10-10 00:32:00,"",30,0.03,0,0,0,0,0,-3.50655789731998,7,6.36907002888128,35.6010366289333,1625.57047762356,1670.54742003125,4296.5472918125,191.864464285714,243.5,323.75,1134.54755952381,1266.25,2565.125,11.9378306878307,12.2222222222222,12.7777777777778,9.44444444444444,27.4642857142857,27,27,29,3.43830869055206,3.49798559298276,3.81130962441916,2.83267941327911,"High",FALSE,-0.11634827877833,NA,NA,NA,NA,NA,NA,NA,NA,NA,NA,NA,NA,NA,NA,NA
"FASMEE23","Button","Smoke","CW/KOH",20250221,"3/12/2025","Lampman","B7B","B7","B",FALSE,5,0,NA,"",0,"","F",2023-10-10,2023-10-09 18:17:00,2023-10-10 00:17:00,2,"Blue","PTFE",4,60,15,2023-10-10 00:17:00,2023-10-10 00:32:00,"",30,0.03,0,0,0,0,0,-3.50655789731998,7,6.36907002888128,35.6010366289333,1625.57047762356,1670.54742003125,4296.5472918125,191.864464285714,243.5,323.75,1134.54755952381,1266.25,2565.125,11.9378306878307,12.2222222222222,12.7777777777778,9.44444444444444,27.4642857142857,27,27,29,3.43830869055206,3.49798559298276,3.81130962441916,2.83267941327911,"High",FALSE,-0.11634827877833,NA,NA,NA,NA,NA,NA,NA,NA,NA,NA,NA,NA,NA,NA,NA
"FASMEE23","Button","Smoke","CW/KOH",20250221,"3/12/2025","Lampman","B7B","B7","B",FALSE,6,0,NA,"",0,"","F",2023-10-10,2023-10-09 18:17:00,2023-10-10 00:17:00,2,"Blue","PTFE",4,60,15,2023-10-10 00:17:00,2023-10-10 00:32:00,"",30,0.03,0,0,0,0,0,-3.50655789731998,7,6.36907002888128,35.6010366289333,1625.57047762356,1670.54742003125,4296.5472918125,191.864464285714,243.5,323.75,1134.54755952381,1266.25,2565.125,11.9378306878307,12.2222222222222,12.7777777777778,9.44444444444444,27.4642857142857,27,27,29,3.43830869055206,3.49798559298276,3.81130962441916,2.83267941327911,"High",FALSE,-0.11634827877833,NA,NA,NA,NA,NA,NA,NA,NA,NA,NA,NA,NA,NA,NA,NA
"FASMEE23","Button","Smoke","CW/KOH",20250221,"3/12/2025","Lampman","B7B","B7","B",TRUE,7,1,NA,"",0,"","F",2023-10-10,2023-10-09 18:17:00,2023-10-10 00:17:00,2,"Blue","PTFE",4,60,15,2023-10-10 00:17:00,2023-10-10 00:32:00,"",30,0.03,0,0,1,72.25,33.3333333333333,-3.50655789731998,7,6.36907002888128,35.6010366289333,1625.57047762356,1670.54742003125,4296.5472918125,191.864464285714,243.5,323.75,1134.54755952381,1266.25,2565.125,11.9378306878307,12.2222222222222,12.7777777777778,9.44444444444444,27.4642857142857,27,27,29,3.43830869055206,3.49798559298276,3.81130962441916,2.83267941327911,"High",TRUE,-0.11634827877833,NA,NA,NA,NA,NA,NA,NA,NA,NA,NA,NA,NA,NA,NA,NA
"FASMEE23","Button","Smoke","CW/KOH",20250221,"3/12/2025","Lampman","B7B","B7","B",FALSE,8,0,NA,"",0,"","F",2023-10-10,2023-10-09 18:17:00,2023-10-10 00:17:00,2,"Blue","PTFE",4,60,15,2023-10-10 00:17:00,2023-10-10 00:32:00,"",30,0.03,0,0,0,0,0,-3.50655789731998,7,6.36907002888128,35.6010366289333,1625.57047762356,1670.54742003125,4296.5472918125,191.864464285714,243.5,323.75,1134.54755952381,1266.25,2565.125,11.9378306878307,12.2222222222222,12.7777777777778,9.44444444444444,27.4642857142857,27,27,29,3.43830869055206,3.49798559298276,3.81130962441916,2.83267941327911,"High",FALSE,-0.11634827877833,NA,NA,NA,NA,NA,NA,NA,NA,NA,NA,NA,NA,NA,NA,NA
"FASMEE23","Button","Smoke","CW/KOH",20250221,"3/12/2025","Lampman","B7B","B7","B",TRUE,9,2,NA,"",0,"","F",2023-10-10,2023-10-09 18:17:00,2023-10-10 00:17:00,2,"Blue","PTFE",4,60,15,2023-10-10 00:17:00,2023-10-10 00:32:00,"",30,0.03,0,0,2,144.5,66.6666666666667,-3.50655789731998,7,6.36907002888128,35.6010366289333,1625.57047762356,1670.54742003125,4296.5472918125,191.864464285714,243.5,323.75,1134.54755952381,1266.25,2565.125,11.9378306878307,12.2222222222222,12.7777777777778,9.44444444444444,27.4642857142857,27,27,29,3.43830869055206,3.49798559298276,3.81130962441916,2.83267941327911,"High",TRUE,-0.11634827877833,NA,NA,NA,NA,NA,NA,NA,NA,NA,NA,NA,NA,NA,NA,NA
"FASMEE23","Button","Smoke","CW/KOH",20250221,"3/12/2025","Lampman","B7B","B7","B",FALSE,10,0,NA,"",0,"","F",2023-10-10,2023-10-09 18:17:00,2023-10-10 00:17:00,2,"Blue","PTFE",4,60,15,2023-10-10 00:17:00,2023-10-10 00:32:00,"",30,0.03,0,0,0,0,0,-3.50655789731998,7,6.36907002888128,35.6010366289333,1625.57047762356,1670.54742003125,4296.5472918125,191.864464285714,243.5,323.75,1134.54755952381,1266.25,2565.125,11.9378306878307,12.2222222222222,12.7777777777778,9.44444444444444,27.4642857142857,27,27,29,3.43830869055206,3.49798559298276,3.81130962441916,2.83267941327911,"High",FALSE,-0.11634827877833,NA,NA,NA,NA,NA,NA,NA,NA,NA,NA,NA,NA,NA,NA,NA
"FASMEE23","Button","Smoke","CW/KOH",20250127,"3/12/2025","Lampman","B9B","B9","B",FALSE,1,0,NA,"",0,"","E",2023-10-10,2023-10-10 15:09:00,2023-10-10 21:09:00,3,"Blue","PTFE",4,60,15,2023-10-10 21:09:00,2023-10-10 21:24:00,"",30,0.03,0.1,0.0953101798043249,0,0,0,-3.50655789731998,9,5.29709557853609,19.3466431464943,584.123196627094,180.75675,3114.5951041344,176.698148148148,130.5,422.625,446.172839506173,237.875,1716.21,10.8074935400517,10.5555555555556,11.6666666666667,10,33.0116279069767,33,31,34,3.84755654322465,3.82515368908763,4.16705056996941,3.64859285797902,"Low",FALSE,0.210819817326543,3,61.2042743966305,66.3921308617705,201.814906555965,15.7464380900351,108.784440826061,218.711205508665,12.1776042318889,13.3199766930851,24.5377224480851,0.896793933565282,0.89807374740202,2.16188907896292,1.78852662264041,62.9928010192709
"FASMEE23","Button","Smoke","CW/KOH",20250127,"3/12/2025","Lampman","B9B","B9","B",FALSE,2,0,NA,"",0,"","E",2023-10-10,2023-10-10 15:09:00,2023-10-10 21:09:00,3,"Blue","PTFE",4,60,15,2023-10-10 21:09:00,2023-10-10 21:24:00,"",30,0.03,0.1,0.0953101798043249,0,0,0,-3.50655789731998,9,5.29709557853609,19.3466431464943,584.123196627094,180.75675,3114.5951041344,176.698148148148,130.5,422.625,446.172839506173,237.875,1716.21,10.8074935400517,10.5555555555556,11.6666666666667,10,33.0116279069767,33,31,34,3.84755654322465,3.82515368908763,4.16705056996941,3.64859285797902,"Low",FALSE,0.210819817326543,3,61.2042743966305,66.3921308617705,201.814906555965,15.7464380900351,108.784440826061,218.711205508665,12.1776042318889,13.3199766930851,24.5377224480851,0.896793933565282,0.89807374740202,2.16188907896292,1.78852662264041,62.9928010192709
"FASMEE23","Button","Smoke","CW/KOH",20250127,"3/12/2025","Lampman","B9B","B9","B",FALSE,3,0,NA,"",0,"","E",2023-10-10,2023-10-10 15:09:00,2023-10-10 21:09:00,3,"Blue","PTFE",4,60,15,2023-10-10 21:09:00,2023-10-10 21:24:00,"",30,0.03,0.1,0.0953101798043249,0,0,0,-3.50655789731998,9,5.29709557853609,19.3466431464943,584.123196627094,180.75675,3114.5951041344,176.698148148148,130.5,422.625,446.172839506173,237.875,1716.21,10.8074935400517,10.5555555555556,11.6666666666667,10,33.0116279069767,33,31,34,3.84755654322465,3.82515368908763,4.16705056996941,3.64859285797902,"Low",FALSE,0.210819817326543,3,61.2042743966305,66.3921308617705,201.814906555965,15.7464380900351,108.784440826061,218.711205508665,12.1776042318889,13.3199766930851,24.5377224480851,0.896793933565282,0.89807374740202,2.16188907896292,1.78852662264041,62.9928010192709
"FASMEE23","Button","Smoke","CW/KOH",20250127,"3/12/2025","Lampman","B9B","B9","B",TRUE,4,4,NA,"",0,"","E",2023-10-10,2023-10-10 15:09:00,2023-10-10 21:09:00,3,"Blue","PTFE",4,60,15,2023-10-10 21:09:00,2023-10-10 21:24:00,"",30,0.03,0.1,0.0953101798043249,3.9,281.775,130,-3.50655789731998,9,5.29709557853609,19.3466431464943,584.123196627094,180.75675,3114.5951041344,176.698148148148,130.5,422.625,446.172839506173,237.875,1716.21,10.8074935400517,10.5555555555556,11.6666666666667,10,33.0116279069767,33,31,34,3.84755654322465,3.82515368908763,4.16705056996941,3.64859285797902,"Low",TRUE,0.210819817326543,3,61.2042743966305,66.3921308617705,201.814906555965,15.7464380900351,108.784440826061,218.711205508665,12.1776042318889,13.3199766930851,24.5377224480851,0.896793933565282,0.89807374740202,2.16188907896292,1.78852662264041,62.9928010192709
"FASMEE23","Button","Smoke","CW/KOH",20250127,"3/12/2025","Lampman","B9B","B9","B",TRUE,5,6,NA,"",0,"","E",2023-10-10,2023-10-10 15:09:00,2023-10-10 21:09:00,3,"Blue","PTFE",4,60,15,2023-10-10 21:09:00,2023-10-10 21:24:00,"",30,0.03,0.1,0.0953101798043249,5.9,426.275,196.666666666667,-3.50655789731998,9,5.29709557853609,19.3466431464943,584.123196627094,180.75675,3114.5951041344,176.698148148148,130.5,422.625,446.172839506173,237.875,1716.21,10.8074935400517,10.5555555555556,11.6666666666667,10,33.0116279069767,33,31,34,3.84755654322465,3.82515368908763,4.16705056996941,3.64859285797902,"Low",TRUE,0.210819817326543,3,61.2042743966305,66.3921308617705,201.814906555965,15.7464380900351,108.784440826061,218.711205508665,12.1776042318889,13.3199766930851,24.5377224480851,0.896793933565282,0.89807374740202,2.16188907896292,1.78852662264041,62.9928010192709
"FASMEE23","Button","Smoke","CW/KOH",20250127,"3/12/2025","Lampman","B9B","B9","B",FALSE,6,0,NA,"",0,"","E",2023-10-10,2023-10-10 15:09:00,2023-10-10 21:09:00,3,"Blue","PTFE",4,60,15,2023-10-10 21:09:00,2023-10-10 21:24:00,"",30,0.03,0.1,0.0953101798043249,0,0,0,-3.50655789731998,9,5.29709557853609,19.3466431464943,584.123196627094,180.75675,3114.5951041344,176.698148148148,130.5,422.625,446.172839506173,237.875,1716.21,10.8074935400517,10.5555555555556,11.6666666666667,10,33.0116279069767,33,31,34,3.84755654322465,3.82515368908763,4.16705056996941,3.64859285797902,"Low",FALSE,0.210819817326543,3,61.2042743966305,66.3921308617705,201.814906555965,15.7464380900351,108.784440826061,218.711205508665,12.1776042318889,13.3199766930851,24.5377224480851,0.896793933565282,0.89807374740202,2.16188907896292,1.78852662264041,62.9928010192709
"FASMEE23","Button","Smoke","CW/KOH",20250127,"3/12/2025","Lampman","B9B","B9","B",FALSE,7,0,NA,"",0,"","E",2023-10-10,2023-10-10 15:09:00,2023-10-10 21:09:00,3,"Blue","PTFE",4,60,15,2023-10-10 21:09:00,2023-10-10 21:24:00,"",30,0.03,0.1,0.0953101798043249,0,0,0,-3.50655789731998,9,5.29709557853609,19.3466431464943,584.123196627094,180.75675,3114.5951041344,176.698148148148,130.5,422.625,446.172839506173,237.875,1716.21,10.8074935400517,10.5555555555556,11.6666666666667,10,33.0116279069767,33,31,34,3.84755654322465,3.82515368908763,4.16705056996941,3.64859285797902,"Low",FALSE,0.210819817326543,3,61.2042743966305,66.3921308617705,201.814906555965,15.7464380900351,108.784440826061,218.711205508665,12.1776042318889,13.3199766930851,24.5377224480851,0.896793933565282,0.89807374740202,2.16188907896292,1.78852662264041,62.9928010192709
"FASMEE23","Button","Smoke","CW/KOH",20250127,"3/12/2025","Lampman","B9B","B9","B",FALSE,8,0,NA,"",0,"","E",2023-10-10,2023-10-10 15:09:00,2023-10-10 21:09:00,3,"Blue","PTFE",4,60,15,2023-10-10 21:09:00,2023-10-10 21:24:00,"",30,0.03,0.1,0.0953101798043249,0,0,0,-3.50655789731998,9,5.29709557853609,19.3466431464943,584.123196627094,180.75675,3114.5951041344,176.698148148148,130.5,422.625,446.172839506173,237.875,1716.21,10.8074935400517,10.5555555555556,11.6666666666667,10,33.0116279069767,33,31,34,3.84755654322465,3.82515368908763,4.16705056996941,3.64859285797902,"Low",FALSE,0.210819817326543,3,61.2042743966305,66.3921308617705,201.814906555965,15.7464380900351,108.784440826061,218.711205508665,12.1776042318889,13.3199766930851,24.5377224480851,0.896793933565282,0.89807374740202,2.16188907896292,1.78852662264041,62.9928010192709
"FASMEE23","Button","Smoke","CW/KOH",20250127,"3/12/2025","Lampman","B9B","B9","B",TRUE,9,2,NA,"",0,"","E",2023-10-10,2023-10-10 15:09:00,2023-10-10 21:09:00,3,"Blue","PTFE",4,60,15,2023-10-10 21:09:00,2023-10-10 21:24:00,"",30,0.03,0.1,0.0953101798043249,1.9,137.275,63.3333333333333,-3.50655789731998,9,5.29709557853609,19.3466431464943,584.123196627094,180.75675,3114.5951041344,176.698148148148,130.5,422.625,446.172839506173,237.875,1716.21,10.8074935400517,10.5555555555556,11.6666666666667,10,33.0116279069767,33,31,34,3.84755654322465,3.82515368908763,4.16705056996941,3.64859285797902,"Low",TRUE,0.210819817326543,3,61.2042743966305,66.3921308617705,201.814906555965,15.7464380900351,108.784440826061,218.711205508665,12.1776042318889,13.3199766930851,24.5377224480851,0.896793933565282,0.89807374740202,2.16188907896292,1.78852662264041,62.9928010192709
"FASMEE23","Button","Smoke","CW/KOH",20250127,"3/12/2025","Lampman","B9B","B9","B",FALSE,10,0,NA,"",0,"","E",2023-10-10,2023-10-10 15:09:00,2023-10-10 21:09:00,3,"Blue","PTFE",4,60,15,2023-10-10 21:09:00,2023-10-10 21:24:00,"",30,0.03,0.1,0.0953101798043249,0,0,0,-3.50655789731998,9,5.29709557853609,19.3466431464943,584.123196627094,180.75675,3114.5951041344,176.698148148148,130.5,422.625,446.172839506173,237.875,1716.21,10.8074935400517,10.5555555555556,11.6666666666667,10,33.0116279069767,33,31,34,3.84755654322465,3.82515368908763,4.16705056996941,3.64859285797902,"Low",FALSE,0.210819817326543,3,61.2042743966305,66.3921308617705,201.814906555965,15.7464380900351,108.784440826061,218.711205508665,12.1776042318889,13.3199766930851,24.5377224480851,0.896793933565282,0.89807374740202,2.16188907896292,1.78852662264041,62.9928010192709
"FASMEE23","Button","Smoke","CW/KOH",20250221,"3/10/2025","Lampman","B8B","B8","B",FALSE,1,0,NA,"",0,"","F",2023-10-10,2023-10-09 18:45:00,2023-10-10 00:45:00,2,"Blue","PTFE",4,60,15,2023-10-10 00:45:00,2023-10-10 01:00:00,"",30,0.03,0,0,0,0,0,-3.50655789731998,8,6.01497972184483,30.243522397562,1204.98636974418,1303.737104,3018.620525,226.646470588235,286,417.125,876.608941176471,1025.165,1821,12.078431372549,11.6666666666667,13.8888888888889,10.5555555555556,27.6117647058824,28,26,30,3.48006033349395,3.49058669865849,3.8025217445426,3.05727862595733,"High",FALSE,-0.123747173102601,NA,NA,NA,NA,NA,NA,NA,NA,NA,NA,NA,NA,NA,NA,NA
"FASMEE23","Button","Smoke","CW/KOH",20250221,"3/10/2025","Lampman","B8B","B8","B",FALSE,2,0,NA,"",0,"","F",2023-10-10,2023-10-09 18:45:00,2023-10-10 00:45:00,2,"Blue","PTFE",4,60,15,2023-10-10 00:45:00,2023-10-10 01:00:00,"",30,0.03,0,0,0,0,0,-3.50655789731998,8,6.01497972184483,30.243522397562,1204.98636974418,1303.737104,3018.620525,226.646470588235,286,417.125,876.608941176471,1025.165,1821,12.078431372549,11.6666666666667,13.8888888888889,10.5555555555556,27.6117647058824,28,26,30,3.48006033349395,3.49058669865849,3.8025217445426,3.05727862595733,"High",FALSE,-0.123747173102601,NA,NA,NA,NA,NA,NA,NA,NA,NA,NA,NA,NA,NA,NA,NA
"FASMEE23","Button","Smoke","CW/KOH",20250221,"3/10/2025","Lampman","B8B","B8","B",TRUE,3,2,NA,"",0,"","F",2023-10-10,2023-10-09 18:45:00,2023-10-10 00:45:00,2,"Blue","PTFE",4,60,15,2023-10-10 00:45:00,2023-10-10 01:00:00,"",30,0.03,0,0,2,144.5,66.6666666666667,-3.50655789731998,8,6.01497972184483,30.243522397562,1204.98636974418,1303.737104,3018.620525,226.646470588235,286,417.125,876.608941176471,1025.165,1821,12.078431372549,11.6666666666667,13.8888888888889,10.5555555555556,27.6117647058824,28,26,30,3.48006033349395,3.49058669865849,3.8025217445426,3.05727862595733,"High",TRUE,-0.123747173102601,NA,NA,NA,NA,NA,NA,NA,NA,NA,NA,NA,NA,NA,NA,NA
"FASMEE23","Button","Smoke","CW/KOH",20250221,"3/10/2025","Lampman","B8B","B8","B",TRUE,4,6,NA,"",0,"","F",2023-10-10,2023-10-09 18:45:00,2023-10-10 00:45:00,2,"Blue","PTFE",4,60,15,2023-10-10 00:45:00,2023-10-10 01:00:00,"",30,0.03,0,0,6,433.5,200,-3.50655789731998,8,6.01497972184483,30.243522397562,1204.98636974418,1303.737104,3018.620525,226.646470588235,286,417.125,876.608941176471,1025.165,1821,12.078431372549,11.6666666666667,13.8888888888889,10.5555555555556,27.6117647058824,28,26,30,3.48006033349395,3.49058669865849,3.8025217445426,3.05727862595733,"High",TRUE,-0.123747173102601,NA,NA,NA,NA,NA,NA,NA,NA,NA,NA,NA,NA,NA,NA,NA
"FASMEE23","Button","Smoke","CW/KOH",20250221,"3/10/2025","Lampman","B8B","B8","B",FALSE,5,0,NA,"",1,"0.5","F",2023-10-10,2023-10-09 18:45:00,2023-10-10 00:45:00,2,"Blue","PTFE",4,60,15,2023-10-10 00:45:00,2023-10-10 01:00:00,"",30,0.03,0,0,0,0,0,-3.50655789731998,8,6.01497972184483,30.243522397562,1204.98636974418,1303.737104,3018.620525,226.646470588235,286,417.125,876.608941176471,1025.165,1821,12.078431372549,11.6666666666667,13.8888888888889,10.5555555555556,27.6117647058824,28,26,30,3.48006033349395,3.49058669865849,3.8025217445426,3.05727862595733,"High",FALSE,-0.123747173102601,NA,NA,NA,NA,NA,NA,NA,NA,NA,NA,NA,NA,NA,NA,NA
"FASMEE23","Button","Smoke","CW/KOH",20250221,"3/10/2025","Lampman","B8B","B8","B",TRUE,6,3,NA,"",0,"","F",2023-10-10,2023-10-09 18:45:00,2023-10-10 00:45:00,2,"Blue","PTFE",4,60,15,2023-10-10 00:45:00,2023-10-10 01:00:00,"",30,0.03,0,0,3,216.75,100,-3.50655789731998,8,6.01497972184483,30.243522397562,1204.98636974418,1303.737104,3018.620525,226.646470588235,286,417.125,876.608941176471,1025.165,1821,12.078431372549,11.6666666666667,13.8888888888889,10.5555555555556,27.6117647058824,28,26,30,3.48006033349395,3.49058669865849,3.8025217445426,3.05727862595733,"High",TRUE,-0.123747173102601,NA,NA,NA,NA,NA,NA,NA,NA,NA,NA,NA,NA,NA,NA,NA
"FASMEE23","Button","Smoke","CW/KOH",20250221,"3/10/2025","Lampman","B8B","B8","B",FALSE,7,0,NA,"",1,"0.25","F",2023-10-10,2023-10-09 18:45:00,2023-10-10 00:45:00,2,"Blue","PTFE",4,60,15,2023-10-10 00:45:00,2023-10-10 01:00:00,"",30,0.03,0,0,0,0,0,-3.50655789731998,8,6.01497972184483,30.243522397562,1204.98636974418,1303.737104,3018.620525,226.646470588235,286,417.125,876.608941176471,1025.165,1821,12.078431372549,11.6666666666667,13.8888888888889,10.5555555555556,27.6117647058824,28,26,30,3.48006033349395,3.49058669865849,3.8025217445426,3.05727862595733,"High",FALSE,-0.123747173102601,NA,NA,NA,NA,NA,NA,NA,NA,NA,NA,NA,NA,NA,NA,NA
"FASMEE23","Button","Smoke","CW/KOH",20250221,"3/10/2025","Lampman","B8B","B8","B",TRUE,8,2,NA,"",0,"","F",2023-10-10,2023-10-09 18:45:00,2023-10-10 00:45:00,2,"Blue","PTFE",4,60,15,2023-10-10 00:45:00,2023-10-10 01:00:00,"",30,0.03,0,0,2,144.5,66.6666666666667,-3.50655789731998,8,6.01497972184483,30.243522397562,1204.98636974418,1303.737104,3018.620525,226.646470588235,286,417.125,876.608941176471,1025.165,1821,12.078431372549,11.6666666666667,13.8888888888889,10.5555555555556,27.6117647058824,28,26,30,3.48006033349395,3.49058669865849,3.8025217445426,3.05727862595733,"High",TRUE,-0.123747173102601,NA,NA,NA,NA,NA,NA,NA,NA,NA,NA,NA,NA,NA,NA,NA
"FASMEE23","Button","Smoke","CW/KOH",20250221,"3/10/2025","Lampman","B8B","B8","B",TRUE,9,1,NA,"",0,"","F",2023-10-10,2023-10-09 18:45:00,2023-10-10 00:45:00,2,"Blue","PTFE",4,60,15,2023-10-10 00:45:00,2023-10-10 01:00:00,"",30,0.03,0,0,1,72.25,33.3333333333333,-3.50655789731998,8,6.01497972184483,30.243522397562,1204.98636974418,1303.737104,3018.620525,226.646470588235,286,417.125,876.608941176471,1025.165,1821,12.078431372549,11.6666666666667,13.8888888888889,10.5555555555556,27.6117647058824,28,26,30,3.48006033349395,3.49058669865849,3.8025217445426,3.05727862595733,"High",TRUE,-0.123747173102601,NA,NA,NA,NA,NA,NA,NA,NA,NA,NA,NA,NA,NA,NA,NA
"FASMEE23","Button","Smoke","CW/KOH",20250221,"3/10/2025","Lampman","B8B","B8","B",FALSE,10,0,NA,"",0,"","F",2023-10-10,2023-10-09 18:45:00,2023-10-10 00:45:00,2,"Blue","PTFE",4,60,15,2023-10-10 00:45:00,2023-10-10 01:00:00,"",30,0.03,0,0,0,0,0,-3.50655789731998,8,6.01497972184483,30.243522397562,1204.98636974418,1303.737104,3018.620525,226.646470588235,286,417.125,876.608941176471,1025.165,1821,12.078431372549,11.6666666666667,13.8888888888889,10.5555555555556,27.6117647058824,28,26,30,3.48006033349395,3.49058669865849,3.8025217445426,3.05727862595733,"High",FALSE,-0.123747173102601,NA,NA,NA,NA,NA,NA,NA,NA,NA,NA,NA,NA,NA,NA,NA
"FASMEE23","Button","Smoke","CW/KOH",20250115,"3/17/2025","Lampman","B6B","B6","B",TRUE,1,1,NA,"",1,"0.25","E",2023-10-09,2023-10-09 15:17:00,2023-10-09 21:17:00,2,"Blue","PTFE",4,60,15,2023-10-09 21:17:00,2023-10-09 21:32:00,"",30,0.03,0.1,0.0953101798043249,0.9,65.025,30,-3.50655789731998,6,6.26329786310134,42.4876370292103,2552.06076505173,2955.6665303125,6517.6774277669,154.507209302326,194.25,313.25,1664.15703488372,1963.75,3738.33,13.8242894056848,13.8888888888889,15.5555555555556,11.1111111111111,23.2209302325581,23,22,26,3.31172741096193,3.36444793603563,3.99314168636426,2.60160702948977,"High",TRUE,-0.249885935725461,2,431.473416388428,332.035187727671,1516.66468062123,39.6013389194573,823.729565151522,1165.0074584524,35.5148560084716,33.6919988392252,74.8868796292252,0.956378385565098,0.96119482754625,5.75790073926172,5.38453828293921,436.857954671367
"FASMEE23","Button","Smoke","CW/KOH",20250115,"3/17/2025","Lampman","B6B","B6","B",TRUE,2,5,NA,"",0,"","E",2023-10-09,2023-10-09 15:17:00,2023-10-09 21:17:00,2,"Blue","PTFE",4,60,15,2023-10-09 21:17:00,2023-10-09 21:32:00,"",30,0.03,0.1,0.0953101798043249,4.9,354.025,163.333333333333,-3.50655789731998,6,6.26329786310134,42.4876370292103,2552.06076505173,2955.6665303125,6517.6774277669,154.507209302326,194.25,313.25,1664.15703488372,1963.75,3738.33,13.8242894056848,13.8888888888889,15.5555555555556,11.1111111111111,23.2209302325581,23,22,26,3.31172741096193,3.36444793603563,3.99314168636426,2.60160702948977,"High",TRUE,-0.249885935725461,2,431.473416388428,332.035187727671,1516.66468062123,39.6013389194573,823.729565151522,1165.0074584524,35.5148560084716,33.6919988392252,74.8868796292252,0.956378385565098,0.96119482754625,5.75790073926172,5.38453828293921,436.857954671367
"FASMEE23","Button","Smoke","CW/KOH",20250115,"3/17/2025","Lampman","B6B","B6","B",TRUE,3,3,NA,"",0,"","E",2023-10-09,2023-10-09 15:17:00,2023-10-09 21:17:00,2,"Blue","PTFE",4,60,15,2023-10-09 21:17:00,2023-10-09 21:32:00,"",30,0.03,0.1,0.0953101798043249,2.9,209.525,96.6666666666667,-3.50655789731998,6,6.26329786310134,42.4876370292103,2552.06076505173,2955.6665303125,6517.6774277669,154.507209302326,194.25,313.25,1664.15703488372,1963.75,3738.33,13.8242894056848,13.8888888888889,15.5555555555556,11.1111111111111,23.2209302325581,23,22,26,3.31172741096193,3.36444793603563,3.99314168636426,2.60160702948977,"High",TRUE,-0.249885935725461,2,431.473416388428,332.035187727671,1516.66468062123,39.6013389194573,823.729565151522,1165.0074584524,35.5148560084716,33.6919988392252,74.8868796292252,0.956378385565098,0.96119482754625,5.75790073926172,5.38453828293921,436.857954671367
"FASMEE23","Button","Smoke","CW/KOH",20250115,"3/17/2025","Lampman","B6B","B6","B",TRUE,4,1,NA,"",0,"","E",2023-10-09,2023-10-09 15:17:00,2023-10-09 21:17:00,2,"Blue","PTFE",4,60,15,2023-10-09 21:17:00,2023-10-09 21:32:00,"",30,0.03,0.1,0.0953101798043249,0.9,65.025,30,-3.50655789731998,6,6.26329786310134,42.4876370292103,2552.06076505173,2955.6665303125,6517.6774277669,154.507209302326,194.25,313.25,1664.15703488372,1963.75,3738.33,13.8242894056848,13.8888888888889,15.5555555555556,11.1111111111111,23.2209302325581,23,22,26,3.31172741096193,3.36444793603563,3.99314168636426,2.60160702948977,"High",TRUE,-0.249885935725461,2,431.473416388428,332.035187727671,1516.66468062123,39.6013389194573,823.729565151522,1165.0074584524,35.5148560084716,33.6919988392252,74.8868796292252,0.956378385565098,0.96119482754625,5.75790073926172,5.38453828293921,436.857954671367
"FASMEE23","Button","Smoke","CW/KOH",20250115,"3/17/2025","Lampman","B6B","B6","B",TRUE,5,3,NA,"",0,"","E",2023-10-09,2023-10-09 15:17:00,2023-10-09 21:17:00,2,"Blue","PTFE",4,60,15,2023-10-09 21:17:00,2023-10-09 21:32:00,"",30,0.03,0.1,0.0953101798043249,2.9,209.525,96.6666666666667,-3.50655789731998,6,6.26329786310134,42.4876370292103,2552.06076505173,2955.6665303125,6517.6774277669,154.507209302326,194.25,313.25,1664.15703488372,1963.75,3738.33,13.8242894056848,13.8888888888889,15.5555555555556,11.1111111111111,23.2209302325581,23,22,26,3.31172741096193,3.36444793603563,3.99314168636426,2.60160702948977,"High",TRUE,-0.249885935725461,2,431.473416388428,332.035187727671,1516.66468062123,39.6013389194573,823.729565151522,1165.0074584524,35.5148560084716,33.6919988392252,74.8868796292252,0.956378385565098,0.96119482754625,5.75790073926172,5.38453828293921,436.857954671367
"FASMEE23","Button","Smoke","CW/KOH",20250115,"3/17/2025","Lampman","B6B","B6","B",TRUE,6,3,NA,"",0,"","E",2023-10-09,2023-10-09 15:17:00,2023-10-09 21:17:00,2,"Blue","PTFE",4,60,15,2023-10-09 21:17:00,2023-10-09 21:32:00,"",30,0.03,0.1,0.0953101798043249,2.9,209.525,96.6666666666667,-3.50655789731998,6,6.26329786310134,42.4876370292103,2552.06076505173,2955.6665303125,6517.6774277669,154.507209302326,194.25,313.25,1664.15703488372,1963.75,3738.33,13.8242894056848,13.8888888888889,15.5555555555556,11.1111111111111,23.2209302325581,23,22,26,3.31172741096193,3.36444793603563,3.99314168636426,2.60160702948977,"High",TRUE,-0.249885935725461,2,431.473416388428,332.035187727671,1516.66468062123,39.6013389194573,823.729565151522,1165.0074584524,35.5148560084716,33.6919988392252,74.8868796292252,0.956378385565098,0.96119482754625,5.75790073926172,5.38453828293921,436.857954671367
"FASMEE23","Button","Smoke","CW/KOH",20250115,"3/17/2025","Lampman","B6B","B6","B",FALSE,7,0,NA,"",0,"","E",2023-10-09,2023-10-09 15:17:00,2023-10-09 21:17:00,2,"Blue","PTFE",4,60,15,2023-10-09 21:17:00,2023-10-09 21:32:00,"",30,0.03,0.1,0.0953101798043249,0,0,0,-3.50655789731998,6,6.26329786310134,42.4876370292103,2552.06076505173,2955.6665303125,6517.6774277669,154.507209302326,194.25,313.25,1664.15703488372,1963.75,3738.33,13.8242894056848,13.8888888888889,15.5555555555556,11.1111111111111,23.2209302325581,23,22,26,3.31172741096193,3.36444793603563,3.99314168636426,2.60160702948977,"High",FALSE,-0.249885935725461,2,431.473416388428,332.035187727671,1516.66468062123,39.6013389194573,823.729565151522,1165.0074584524,35.5148560084716,33.6919988392252,74.8868796292252,0.956378385565098,0.96119482754625,5.75790073926172,5.38453828293921,436.857954671367
"FASMEE23","Button","Smoke","CW/KOH",20250115,"3/17/2025","Lampman","B6B","B6","B",TRUE,8,4,NA,"",0,"","E",2023-10-09,2023-10-09 15:17:00,2023-10-09 21:17:00,2,"Blue","PTFE",4,60,15,2023-10-09 21:17:00,2023-10-09 21:32:00,"",30,0.03,0.1,0.0953101798043249,3.9,281.775,130,-3.50655789731998,6,6.26329786310134,42.4876370292103,2552.06076505173,2955.6665303125,6517.6774277669,154.507209302326,194.25,313.25,1664.15703488372,1963.75,3738.33,13.8242894056848,13.8888888888889,15.5555555555556,11.1111111111111,23.2209302325581,23,22,26,3.31172741096193,3.36444793603563,3.99314168636426,2.60160702948977,"High",TRUE,-0.249885935725461,2,431.473416388428,332.035187727671,1516.66468062123,39.6013389194573,823.729565151522,1165.0074584524,35.5148560084716,33.6919988392252,74.8868796292252,0.956378385565098,0.96119482754625,5.75790073926172,5.38453828293921,436.857954671367
"FASMEE23","Button","Smoke","CW/KOH",20250115,"3/17/2025","Lampman","B6B","B6","B",FALSE,9,0,NA,"",0,"","E",2023-10-09,2023-10-09 15:17:00,2023-10-09 21:17:00,2,"Blue","PTFE",4,60,15,2023-10-09 21:17:00,2023-10-09 21:32:00,"",30,0.03,0.1,0.0953101798043249,0,0,0,-3.50655789731998,6,6.26329786310134,42.4876370292103,2552.06076505173,2955.6665303125,6517.6774277669,154.507209302326,194.25,313.25,1664.15703488372,1963.75,3738.33,13.8242894056848,13.8888888888889,15.5555555555556,11.1111111111111,23.2209302325581,23,22,26,3.31172741096193,3.36444793603563,3.99314168636426,2.60160702948977,"High",FALSE,-0.249885935725461,2,431.473416388428,332.035187727671,1516.66468062123,39.6013389194573,823.729565151522,1165.0074584524,35.5148560084716,33.6919988392252,74.8868796292252,0.956378385565098,0.96119482754625,5.75790073926172,5.38453828293921,436.857954671367
"FASMEE23","Button","Smoke","CW/KOH",20250115,"3/17/2025","Lampman","B6B","B6","B",TRUE,10,3,NA,"",0,"","E",2023-10-09,2023-10-09 15:17:00,2023-10-09 21:17:00,2,"Blue","PTFE",4,60,15,2023-10-09 21:17:00,2023-10-09 21:32:00,"",30,0.03,0.1,0.0953101798043249,2.9,209.525,96.6666666666667,-3.50655789731998,6,6.26329786310134,42.4876370292103,2552.06076505173,2955.6665303125,6517.6774277669,154.507209302326,194.25,313.25,1664.15703488372,1963.75,3738.33,13.8242894056848,13.8888888888889,15.5555555555556,11.1111111111111,23.2209302325581,23,22,26,3.31172741096193,3.36444793603563,3.99314168636426,2.60160702948977,"High",TRUE,-0.249885935725461,2,431.473416388428,332.035187727671,1516.66468062123,39.6013389194573,823.729565151522,1165.0074584524,35.5148560084716,33.6919988392252,74.8868796292252,0.956378385565098,0.96119482754625,5.75790073926172,5.38453828293921,436.857954671367
