"Project","Sampler","SampleType","StainType","StainDate","DateCounted","Who","SlideID","Sample","SlideRep","SporesCounted","FOV","TotalSpores","CellsPerClump","Mycelia","Notes","Sample_num","Volume_L","RepVolume_L","Unit","Day","LB_Batch","RepVolume_m3","TotalSpores_LB","TotalSpores_LBcorr","TotalSpores.filter_LBcorr","TotalSpores_LBcorr_m3","log_volume_offset_m3","MeanPM2.5_ug.m3","MedianPM2.5_ug.m3","MaxPM2.5_ug.m3","MeanPM1.0ug.m3","MedianPM1.0_ug.m3","MaxPM1.0_ug.m3","MeanPM10_ug.m3","MedianPM10_ug.m3","MaxPM10_ug.m3","MeanTemp_C","MedianTemp_C","MaxTemp_C","MinTemp_C","MeanRH","MedianRH","MinRH","MaxRH","MeanMR","MedianMR","MaxMR","MinMR","SmokeLevel","SmokeLevel2","MeanCO2_CO_mg.m3","Median_deltaCO2_CO_mg.m3","Mean_deltaCO2_mg.m3","Median_deltaCO_mg.m3","Mean_deltaCO2_ppm","Median_deltaCO2_ppm","Mean_deltaCO_ppm","Median_deltaCO_ppm","MeanMCE","MedianMCE","bcorr_TC_mg.m3","ALL_carbon_mg.m3","biomass_mg","biomass_g","biomass_kg","TC.Gas_C","presence"
"Konza4","Bu","Smoke","CW/KOH",20240622,"10/18/2024","Lampman","11A_C","11A","C",TRUE,1,3,NA,0,"",11,80,26.66666667,"K1B","3","A",0.02666666667,0,3,216.75,112.499999985937,-3.62434093285137,1284.46117400385,1152.28181684,4235.6023418576,237.203465346535,280,450.52,972.438613861386,967.75,2602.25,32.4358974358974,33.8888888888889,38.8888888888889,21.6666666666667,16.4529914529915,15,11,26,5.16620189749284,5.07089499338291,6.4179489121693,3.28478759220139,"High","High",NA,NA,NA,NA,NA,NA,NA,NA,NA,NA,NA,NA,NA,NA,NA,NA,TRUE
"Konza4","Bu","Smoke","CW/KOH",20240622,"10/18/2024","Lampman","11A_C","11A","C",TRUE,2,3,NA,1,"0.16",11,80,26.66666667,"K1B","3","A",0.02666666667,0,3,216.75,112.499999985937,-3.62434093285137,1284.46117400385,1152.28181684,4235.6023418576,237.203465346535,280,450.52,972.438613861386,967.75,2602.25,32.4358974358974,33.8888888888889,38.8888888888889,21.6666666666667,16.4529914529915,15,11,26,5.16620189749284,5.07089499338291,6.4179489121693,3.28478759220139,"High","High",NA,NA,NA,NA,NA,NA,NA,NA,NA,NA,NA,NA,NA,NA,NA,NA,TRUE
"Konza4","Bu","Smoke","CW/KOH",20240622,"10/18/2024","Lampman","11A_C","11A","C",TRUE,3,4,NA,1,"0.05",11,80,26.66666667,"K1B","3","A",0.02666666667,0,4,289,149.99999998125,-3.62434093285137,1284.46117400385,1152.28181684,4235.6023418576,237.203465346535,280,450.52,972.438613861386,967.75,2602.25,32.4358974358974,33.8888888888889,38.8888888888889,21.6666666666667,16.4529914529915,15,11,26,5.16620189749284,5.07089499338291,6.4179489121693,3.28478759220139,"High","High",NA,NA,NA,NA,NA,NA,NA,NA,NA,NA,NA,NA,NA,NA,NA,NA,TRUE
"Konza4","Bu","Smoke","CW/KOH",20240622,"10/18/2024","Lampman","11A_C","11A","C",TRUE,4,3,NA,3,".05,.025,.025",11,80,26.66666667,"K1B","3","A",0.02666666667,0,3,216.75,112.499999985937,-3.62434093285137,1284.46117400385,1152.28181684,4235.6023418576,237.203465346535,280,450.52,972.438613861386,967.75,2602.25,32.4358974358974,33.8888888888889,38.8888888888889,21.6666666666667,16.4529914529915,15,11,26,5.16620189749284,5.07089499338291,6.4179489121693,3.28478759220139,"High","High",NA,NA,NA,NA,NA,NA,NA,NA,NA,NA,NA,NA,NA,NA,NA,NA,TRUE
"Konza4","Bu","Smoke","CW/KOH",20240622,"10/18/2024","Lampman","11A_C","11A","C",TRUE,5,3,NA,1,"0.33",11,80,26.66666667,"K1B","3","A",0.02666666667,0,3,216.75,112.499999985937,-3.62434093285137,1284.46117400385,1152.28181684,4235.6023418576,237.203465346535,280,450.52,972.438613861386,967.75,2602.25,32.4358974358974,33.8888888888889,38.8888888888889,21.6666666666667,16.4529914529915,15,11,26,5.16620189749284,5.07089499338291,6.4179489121693,3.28478759220139,"High","High",NA,NA,NA,NA,NA,NA,NA,NA,NA,NA,NA,NA,NA,NA,NA,NA,TRUE
"Konza4","Bu","Smoke","CW/KOH",20240622,"10/18/2024","Lampman","11A_C","11A","C",TRUE,6,2,NA,3,".05,.025,.012",11,80,26.66666667,"K1B","3","A",0.02666666667,0,2,144.5,74.999999990625,-3.62434093285137,1284.46117400385,1152.28181684,4235.6023418576,237.203465346535,280,450.52,972.438613861386,967.75,2602.25,32.4358974358974,33.8888888888889,38.8888888888889,21.6666666666667,16.4529914529915,15,11,26,5.16620189749284,5.07089499338291,6.4179489121693,3.28478759220139,"High","High",NA,NA,NA,NA,NA,NA,NA,NA,NA,NA,NA,NA,NA,NA,NA,NA,TRUE
"Konza4","Bu","Smoke","CW/KOH",20240622,"10/18/2024","Lampman","11A_C","11A","C",TRUE,7,1,NA,1,"0.8",11,80,26.66666667,"K1B","3","A",0.02666666667,0,1,72.25,37.4999999953125,-3.62434093285137,1284.46117400385,1152.28181684,4235.6023418576,237.203465346535,280,450.52,972.438613861386,967.75,2602.25,32.4358974358974,33.8888888888889,38.8888888888889,21.6666666666667,16.4529914529915,15,11,26,5.16620189749284,5.07089499338291,6.4179489121693,3.28478759220139,"High","High",NA,NA,NA,NA,NA,NA,NA,NA,NA,NA,NA,NA,NA,NA,NA,NA,TRUE
"Konza4","Bu","Smoke","CW/KOH",20240622,"10/18/2024","Lampman","11A_C","11A","C",TRUE,8,5,NA,0,"",11,80,26.66666667,"K1B","3","A",0.02666666667,0,5,361.25,187.499999976562,-3.62434093285137,1284.46117400385,1152.28181684,4235.6023418576,237.203465346535,280,450.52,972.438613861386,967.75,2602.25,32.4358974358974,33.8888888888889,38.8888888888889,21.6666666666667,16.4529914529915,15,11,26,5.16620189749284,5.07089499338291,6.4179489121693,3.28478759220139,"High","High",NA,NA,NA,NA,NA,NA,NA,NA,NA,NA,NA,NA,NA,NA,NA,NA,TRUE
"Konza4","Bu","Smoke","CW/KOH",20240622,"10/18/2024","Lampman","11A_C","11A","C",TRUE,9,7,NA,0,"",11,80,26.66666667,"K1B","3","A",0.02666666667,0,7,505.75,262.499999967187,-3.62434093285137,1284.46117400385,1152.28181684,4235.6023418576,237.203465346535,280,450.52,972.438613861386,967.75,2602.25,32.4358974358974,33.8888888888889,38.8888888888889,21.6666666666667,16.4529914529915,15,11,26,5.16620189749284,5.07089499338291,6.4179489121693,3.28478759220139,"High","High",NA,NA,NA,NA,NA,NA,NA,NA,NA,NA,NA,NA,NA,NA,NA,NA,TRUE
"Konza4","Bu","Smoke","CW/KOH",20240622,"10/18/2024","Lampman","11A_C","11A","C",TRUE,10,2,NA,0,"",11,80,26.66666667,"K1B","3","A",0.02666666667,0,2,144.5,74.999999990625,-3.62434093285137,1284.46117400385,1152.28181684,4235.6023418576,237.203465346535,280,450.52,972.438613861386,967.75,2602.25,32.4358974358974,33.8888888888889,38.8888888888889,21.6666666666667,16.4529914529915,15,11,26,5.16620189749284,5.07089499338291,6.4179489121693,3.28478759220139,"High","High",NA,NA,NA,NA,NA,NA,NA,NA,NA,NA,NA,NA,NA,NA,NA,NA,TRUE
"Konza4","Bu","Smoke","CW/KOH",20240717,"10/18/2024","Lampman","12A_B","12A","B",FALSE,1,0,NA,1,"0.16",12,80,40,"1D","3","C",0.04,0.25,0,0,0,-3.2188758248682,622.420174797926,128.83271,6136.6918516461,137.246811594203,106.25,503.145,523.299492753623,169.965,6130.96,27.1035137701804,26.6666666666667,33.3333333333333,17.2222222222222,17.6068376068376,18,15,20,4.18750501160228,4.15360555843436,6.1859474870611,2.4575655039715,"Low","Low",113.770791378956,41.762295685,403.693340017881,1.167358855,222.804776749914,149.1473916,5.89821532395388,1.167358855,0.954531364855707,0.967099858342308,0.715751175342627,114.486542554298,228.973085108596,0.228973085108596,0.000228973085108596,0.00629116811676692,FALSE
"Konza4","Bu","Smoke","CW/KOH",20240717,"10/18/2024","Lampman","12A_B","12A","B",TRUE,2,4,NA,1,"0.2",12,80,40,"1D","3","C",0.04,0.25,3.75,270.9375,93.75,-3.2188758248682,622.420174797926,128.83271,6136.6918516461,137.246811594203,106.25,503.145,523.299492753623,169.965,6130.96,27.1035137701804,26.6666666666667,33.3333333333333,17.2222222222222,17.6068376068376,18,15,20,4.18750501160228,4.15360555843436,6.1859474870611,2.4575655039715,"Low","Low",113.770791378956,41.762295685,403.693340017881,1.167358855,222.804776749914,149.1473916,5.89821532395388,1.167358855,0.954531364855707,0.967099858342308,0.715751175342627,114.486542554298,228.973085108596,0.228973085108596,0.000228973085108596,0.00629116811676692,TRUE
"Konza4","Bu","Smoke","CW/KOH",20240717,"10/18/2024","Lampman","12A_B","12A","B",TRUE,3,6,NA,0,"",12,80,40,"1D","3","C",0.04,0.25,5.75,415.4375,143.75,-3.2188758248682,622.420174797926,128.83271,6136.6918516461,137.246811594203,106.25,503.145,523.299492753623,169.965,6130.96,27.1035137701804,26.6666666666667,33.3333333333333,17.2222222222222,17.6068376068376,18,15,20,4.18750501160228,4.15360555843436,6.1859474870611,2.4575655039715,"Low","Low",113.770791378956,41.762295685,403.693340017881,1.167358855,222.804776749914,149.1473916,5.89821532395388,1.167358855,0.954531364855707,0.967099858342308,0.715751175342627,114.486542554298,228.973085108596,0.228973085108596,0.000228973085108596,0.00629116811676692,TRUE
"Konza4","Bu","Smoke","CW/KOH",20240717,"10/18/2024","Lampman","12A_B","12A","B",TRUE,4,3,NA,0,"",12,80,40,"1D","3","C",0.04,0.25,2.75,198.6875,68.75,-3.2188758248682,622.420174797926,128.83271,6136.6918516461,137.246811594203,106.25,503.145,523.299492753623,169.965,6130.96,27.1035137701804,26.6666666666667,33.3333333333333,17.2222222222222,17.6068376068376,18,15,20,4.18750501160228,4.15360555843436,6.1859474870611,2.4575655039715,"Low","Low",113.770791378956,41.762295685,403.693340017881,1.167358855,222.804776749914,149.1473916,5.89821532395388,1.167358855,0.954531364855707,0.967099858342308,0.715751175342627,114.486542554298,228.973085108596,0.228973085108596,0.000228973085108596,0.00629116811676692,TRUE
"Konza4","Bu","Smoke","CW/KOH",20240717,"10/18/2024","Lampman","12A_B","12A","B",TRUE,5,5,NA,0,"",12,80,40,"1D","3","C",0.04,0.25,4.75,343.1875,118.75,-3.2188758248682,622.420174797926,128.83271,6136.6918516461,137.246811594203,106.25,503.145,523.299492753623,169.965,6130.96,27.1035137701804,26.6666666666667,33.3333333333333,17.2222222222222,17.6068376068376,18,15,20,4.18750501160228,4.15360555843436,6.1859474870611,2.4575655039715,"Low","Low",113.770791378956,41.762295685,403.693340017881,1.167358855,222.804776749914,149.1473916,5.89821532395388,1.167358855,0.954531364855707,0.967099858342308,0.715751175342627,114.486542554298,228.973085108596,0.228973085108596,0.000228973085108596,0.00629116811676692,TRUE
"Konza4","Bu","Smoke","CW/KOH",20240717,"10/18/2024","Lampman","12A_B","12A","B",TRUE,6,4,NA,0,"",12,80,40,"1D","3","C",0.04,0.25,3.75,270.9375,93.75,-3.2188758248682,622.420174797926,128.83271,6136.6918516461,137.246811594203,106.25,503.145,523.299492753623,169.965,6130.96,27.1035137701804,26.6666666666667,33.3333333333333,17.2222222222222,17.6068376068376,18,15,20,4.18750501160228,4.15360555843436,6.1859474870611,2.4575655039715,"Low","Low",113.770791378956,41.762295685,403.693340017881,1.167358855,222.804776749914,149.1473916,5.89821532395388,1.167358855,0.954531364855707,0.967099858342308,0.715751175342627,114.486542554298,228.973085108596,0.228973085108596,0.000228973085108596,0.00629116811676692,TRUE
"Konza4","Bu","Smoke","CW/KOH",20240717,"10/18/2024","Lampman","12A_B","12A","B",TRUE,7,3,NA,1,"0.16",12,80,40,"1D","3","C",0.04,0.25,2.75,198.6875,68.75,-3.2188758248682,622.420174797926,128.83271,6136.6918516461,137.246811594203,106.25,503.145,523.299492753623,169.965,6130.96,27.1035137701804,26.6666666666667,33.3333333333333,17.2222222222222,17.6068376068376,18,15,20,4.18750501160228,4.15360555843436,6.1859474870611,2.4575655039715,"Low","Low",113.770791378956,41.762295685,403.693340017881,1.167358855,222.804776749914,149.1473916,5.89821532395388,1.167358855,0.954531364855707,0.967099858342308,0.715751175342627,114.486542554298,228.973085108596,0.228973085108596,0.000228973085108596,0.00629116811676692,TRUE
"Konza4","Bu","Smoke","CW/KOH",20240717,"10/18/2024","Lampman","12A_B","12A","B",TRUE,8,1,NA,1,"0.25",12,80,40,"1D","3","C",0.04,0.25,0.75,54.1875,18.75,-3.2188758248682,622.420174797926,128.83271,6136.6918516461,137.246811594203,106.25,503.145,523.299492753623,169.965,6130.96,27.1035137701804,26.6666666666667,33.3333333333333,17.2222222222222,17.6068376068376,18,15,20,4.18750501160228,4.15360555843436,6.1859474870611,2.4575655039715,"Low","Low",113.770791378956,41.762295685,403.693340017881,1.167358855,222.804776749914,149.1473916,5.89821532395388,1.167358855,0.954531364855707,0.967099858342308,0.715751175342627,114.486542554298,228.973085108596,0.228973085108596,0.000228973085108596,0.00629116811676692,TRUE
"Konza4","Bu","Smoke","CW/KOH",20240717,"10/18/2024","Lampman","12A_B","12A","B",TRUE,9,5,NA,0,"",12,80,40,"1D","3","C",0.04,0.25,4.75,343.1875,118.75,-3.2188758248682,622.420174797926,128.83271,6136.6918516461,137.246811594203,106.25,503.145,523.299492753623,169.965,6130.96,27.1035137701804,26.6666666666667,33.3333333333333,17.2222222222222,17.6068376068376,18,15,20,4.18750501160228,4.15360555843436,6.1859474870611,2.4575655039715,"Low","Low",113.770791378956,41.762295685,403.693340017881,1.167358855,222.804776749914,149.1473916,5.89821532395388,1.167358855,0.954531364855707,0.967099858342308,0.715751175342627,114.486542554298,228.973085108596,0.228973085108596,0.000228973085108596,0.00629116811676692,TRUE
"Konza4","Bu","Smoke","CW/KOH",20240717,"10/18/2024","Lampman","12A_B","12A","B",TRUE,10,3,NA,0,"",12,80,40,"1D","3","C",0.04,0.25,2.75,198.6875,68.75,-3.2188758248682,622.420174797926,128.83271,6136.6918516461,137.246811594203,106.25,503.145,523.299492753623,169.965,6130.96,27.1035137701804,26.6666666666667,33.3333333333333,17.2222222222222,17.6068376068376,18,15,20,4.18750501160228,4.15360555843436,6.1859474870611,2.4575655039715,"Low","Low",113.770791378956,41.762295685,403.693340017881,1.167358855,222.804776749914,149.1473916,5.89821532395388,1.167358855,0.954531364855707,0.967099858342308,0.715751175342627,114.486542554298,228.973085108596,0.228973085108596,0.000228973085108596,0.00629116811676692,TRUE
"Konza4","Bu","Smoke","CW/KOH",20240717,"10/18/2024","Lampman","13A_B","13A","B",TRUE,1,32,NA,1,"0.5",13,70,35,"HQC","3","C",0.035,0.25,31.75,2293.9375,907.142857142857,-3.35240721749272,924.094418953033,308.0869396,4657.88658384,177.016829268293,192.515,421.555,632.516768292683,327.7675,2457.465,26.084142394822,25.5555555555556,30,24.4444444444444,18.6699029126214,19,16,20,4.0963605135933,3.97476879791651,4.8606019041518,3.66330326646229,"Low","Low",72.5851657387191,55.816627655,252.779653465417,3.395322772,139.513112242051,190.2556776,6.13047205355722,3.395322772,0.930194395563963,0.944535280058603,1.47752485013167,74.0626905888508,148.125381177702,0.148125381177702,0.000148125381177702,0.0203557412192215,TRUE
"Konza4","Bu","Smoke","CW/KOH",20240717,"10/18/2024","Lampman","13A_B","13A","B",TRUE,2,4,NA,0,"",13,70,35,"HQC","3","C",0.035,0.25,3.75,270.9375,107.142857142857,-3.35240721749272,924.094418953033,308.0869396,4657.88658384,177.016829268293,192.515,421.555,632.516768292683,327.7675,2457.465,26.084142394822,25.5555555555556,30,24.4444444444444,18.6699029126214,19,16,20,4.0963605135933,3.97476879791651,4.8606019041518,3.66330326646229,"Low","Low",72.5851657387191,55.816627655,252.779653465417,3.395322772,139.513112242051,190.2556776,6.13047205355722,3.395322772,0.930194395563963,0.944535280058603,1.47752485013167,74.0626905888508,148.125381177702,0.148125381177702,0.000148125381177702,0.0203557412192215,TRUE
"Konza4","Bu","Smoke","CW/KOH",20240717,"10/18/2024","Lampman","13A_B","13A","B",TRUE,3,2,NA,0,"",13,70,35,"HQC","3","C",0.035,0.25,1.75,126.4375,50,-3.35240721749272,924.094418953033,308.0869396,4657.88658384,177.016829268293,192.515,421.555,632.516768292683,327.7675,2457.465,26.084142394822,25.5555555555556,30,24.4444444444444,18.6699029126214,19,16,20,4.0963605135933,3.97476879791651,4.8606019041518,3.66330326646229,"Low","Low",72.5851657387191,55.816627655,252.779653465417,3.395322772,139.513112242051,190.2556776,6.13047205355722,3.395322772,0.930194395563963,0.944535280058603,1.47752485013167,74.0626905888508,148.125381177702,0.148125381177702,0.000148125381177702,0.0203557412192215,TRUE
"Konza4","Bu","Smoke","CW/KOH",20240717,"10/18/2024","Lampman","13A_B","13A","B",TRUE,4,1,NA,0,"",13,70,35,"HQC","3","C",0.035,0.25,0.75,54.1875,21.4285714285714,-3.35240721749272,924.094418953033,308.0869396,4657.88658384,177.016829268293,192.515,421.555,632.516768292683,327.7675,2457.465,26.084142394822,25.5555555555556,30,24.4444444444444,18.6699029126214,19,16,20,4.0963605135933,3.97476879791651,4.8606019041518,3.66330326646229,"Low","Low",72.5851657387191,55.816627655,252.779653465417,3.395322772,139.513112242051,190.2556776,6.13047205355722,3.395322772,0.930194395563963,0.944535280058603,1.47752485013167,74.0626905888508,148.125381177702,0.148125381177702,0.000148125381177702,0.0203557412192215,TRUE
"Konza4","Bu","Smoke","CW/KOH",20240717,"10/18/2024","Lampman","13A_B","13A","B",FALSE,5,0,NA,1,"0.16",13,70,35,"HQC","3","C",0.035,0.25,0,0,0,-3.35240721749272,924.094418953033,308.0869396,4657.88658384,177.016829268293,192.515,421.555,632.516768292683,327.7675,2457.465,26.084142394822,25.5555555555556,30,24.4444444444444,18.6699029126214,19,16,20,4.0963605135933,3.97476879791651,4.8606019041518,3.66330326646229,"Low","Low",72.5851657387191,55.816627655,252.779653465417,3.395322772,139.513112242051,190.2556776,6.13047205355722,3.395322772,0.930194395563963,0.944535280058603,1.47752485013167,74.0626905888508,148.125381177702,0.148125381177702,0.000148125381177702,0.0203557412192215,FALSE
"Konza4","Bu","Smoke","CW/KOH",20240717,"10/18/2024","Lampman","13A_B","13A","B",TRUE,6,3,NA,0,"",13,70,35,"HQC","3","C",0.035,0.25,2.75,198.6875,78.5714285714286,-3.35240721749272,924.094418953033,308.0869396,4657.88658384,177.016829268293,192.515,421.555,632.516768292683,327.7675,2457.465,26.084142394822,25.5555555555556,30,24.4444444444444,18.6699029126214,19,16,20,4.0963605135933,3.97476879791651,4.8606019041518,3.66330326646229,"Low","Low",72.5851657387191,55.816627655,252.779653465417,3.395322772,139.513112242051,190.2556776,6.13047205355722,3.395322772,0.930194395563963,0.944535280058603,1.47752485013167,74.0626905888508,148.125381177702,0.148125381177702,0.000148125381177702,0.0203557412192215,TRUE
"Konza4","Bu","Smoke","CW/KOH",20240717,"10/18/2024","Lampman","13A_B","13A","B",TRUE,7,5,NA,3,".16,.25,.16",13,70,35,"HQC","3","C",0.035,0.25,4.75,343.1875,135.714285714286,-3.35240721749272,924.094418953033,308.0869396,4657.88658384,177.016829268293,192.515,421.555,632.516768292683,327.7675,2457.465,26.084142394822,25.5555555555556,30,24.4444444444444,18.6699029126214,19,16,20,4.0963605135933,3.97476879791651,4.8606019041518,3.66330326646229,"Low","Low",72.5851657387191,55.816627655,252.779653465417,3.395322772,139.513112242051,190.2556776,6.13047205355722,3.395322772,0.930194395563963,0.944535280058603,1.47752485013167,74.0626905888508,148.125381177702,0.148125381177702,0.000148125381177702,0.0203557412192215,TRUE
"Konza4","Bu","Smoke","CW/KOH",20240717,"10/18/2024","Lampman","13A_B","13A","B",TRUE,8,3,NA,1,"0.25",13,70,35,"HQC","3","C",0.035,0.25,2.75,198.6875,78.5714285714286,-3.35240721749272,924.094418953033,308.0869396,4657.88658384,177.016829268293,192.515,421.555,632.516768292683,327.7675,2457.465,26.084142394822,25.5555555555556,30,24.4444444444444,18.6699029126214,19,16,20,4.0963605135933,3.97476879791651,4.8606019041518,3.66330326646229,"Low","Low",72.5851657387191,55.816627655,252.779653465417,3.395322772,139.513112242051,190.2556776,6.13047205355722,3.395322772,0.930194395563963,0.944535280058603,1.47752485013167,74.0626905888508,148.125381177702,0.148125381177702,0.000148125381177702,0.0203557412192215,TRUE
"Konza4","Bu","Smoke","CW/KOH",20240717,"10/18/2024","Lampman","13A_B","13A","B",FALSE,9,0,NA,1,"0.25",13,70,35,"HQC","3","C",0.035,0.25,0,0,0,-3.35240721749272,924.094418953033,308.0869396,4657.88658384,177.016829268293,192.515,421.555,632.516768292683,327.7675,2457.465,26.084142394822,25.5555555555556,30,24.4444444444444,18.6699029126214,19,16,20,4.0963605135933,3.97476879791651,4.8606019041518,3.66330326646229,"Low","Low",72.5851657387191,55.816627655,252.779653465417,3.395322772,139.513112242051,190.2556776,6.13047205355722,3.395322772,0.930194395563963,0.944535280058603,1.47752485013167,74.0626905888508,148.125381177702,0.148125381177702,0.000148125381177702,0.0203557412192215,FALSE
"Konza4","Bu","Smoke","CW/KOH",20240717,"10/18/2024","Lampman","13A_B","13A","B",TRUE,10,9,NA,0,"",13,70,35,"HQC","3","C",0.035,0.25,8.75,632.1875,250,-3.35240721749272,924.094418953033,308.0869396,4657.88658384,177.016829268293,192.515,421.555,632.516768292683,327.7675,2457.465,26.084142394822,25.5555555555556,30,24.4444444444444,18.6699029126214,19,16,20,4.0963605135933,3.97476879791651,4.8606019041518,3.66330326646229,"Low","Low",72.5851657387191,55.816627655,252.779653465417,3.395322772,139.513112242051,190.2556776,6.13047205355722,3.395322772,0.930194395563963,0.944535280058603,1.47752485013167,74.0626905888508,148.125381177702,0.148125381177702,0.000148125381177702,0.0203557412192215,TRUE
"Konza4","Bu","Ambient","CW/KOH",20240622,"10/22/2024","Lampman","1A_B","1A","B",TRUE,1,5,NA,1,"0.25",1,80.66,40.33,"PoleBarn","1","A",0.04033,0,5,361.25,123.977188197372,-3.21065967009686,3.95266666666667,3.658,4.932,1.0875,1.1,1.7,3.10416666666667,2.75,5.55,19.775828460039,20,21.1111111111111,18.8888888888889,32.6271186440678,33,32,34,4.72710905865947,4.8009454042022,5.39814650239791,2.63263274607141,"None","None",NA,NA,NA,NA,NA,NA,NA,NA,NA,NA,NA,NA,NA,NA,NA,NA,TRUE
"Konza4","Bu","Ambient","CW/KOH",20240622,"10/22/2024","Lampman","1A_B","1A","B",TRUE,2,2,NA,0,"",1,80.66,40.33,"PoleBarn","1","A",0.04033,0,2,144.5,49.5908752789487,-3.21065967009686,3.95266666666667,3.658,4.932,1.0875,1.1,1.7,3.10416666666667,2.75,5.55,19.775828460039,20,21.1111111111111,18.8888888888889,32.6271186440678,33,32,34,4.72710905865947,4.8009454042022,5.39814650239791,2.63263274607141,"None","None",NA,NA,NA,NA,NA,NA,NA,NA,NA,NA,NA,NA,NA,NA,NA,NA,TRUE
"Konza4","Bu","Ambient","CW/KOH",20240622,"10/22/2024","Lampman","1A_B","1A","B",FALSE,3,0,NA,0,"",1,80.66,40.33,"PoleBarn","1","A",0.04033,0,0,0,0,-3.21065967009686,3.95266666666667,3.658,4.932,1.0875,1.1,1.7,3.10416666666667,2.75,5.55,19.775828460039,20,21.1111111111111,18.8888888888889,32.6271186440678,33,32,34,4.72710905865947,4.8009454042022,5.39814650239791,2.63263274607141,"None","None",NA,NA,NA,NA,NA,NA,NA,NA,NA,NA,NA,NA,NA,NA,NA,NA,FALSE
"Konza4","Bu","Ambient","CW/KOH",20240622,"10/22/2024","Lampman","1A_B","1A","B",TRUE,4,1,NA,0,"",1,80.66,40.33,"PoleBarn","1","A",0.04033,0,1,72.25,24.7954376394743,-3.21065967009686,3.95266666666667,3.658,4.932,1.0875,1.1,1.7,3.10416666666667,2.75,5.55,19.775828460039,20,21.1111111111111,18.8888888888889,32.6271186440678,33,32,34,4.72710905865947,4.8009454042022,5.39814650239791,2.63263274607141,"None","None",NA,NA,NA,NA,NA,NA,NA,NA,NA,NA,NA,NA,NA,NA,NA,NA,TRUE
"Konza4","Bu","Ambient","CW/KOH",20240622,"10/22/2024","Lampman","1A_B","1A","B",FALSE,5,0,NA,0,"",1,80.66,40.33,"PoleBarn","1","A",0.04033,0,0,0,0,-3.21065967009686,3.95266666666667,3.658,4.932,1.0875,1.1,1.7,3.10416666666667,2.75,5.55,19.775828460039,20,21.1111111111111,18.8888888888889,32.6271186440678,33,32,34,4.72710905865947,4.8009454042022,5.39814650239791,2.63263274607141,"None","None",NA,NA,NA,NA,NA,NA,NA,NA,NA,NA,NA,NA,NA,NA,NA,NA,FALSE
"Konza4","Bu","Ambient","CW/KOH",20240622,"10/22/2024","Lampman","1A_B","1A","B",FALSE,6,0,NA,2,".25, .0625",1,80.66,40.33,"PoleBarn","1","A",0.04033,0,0,0,0,-3.21065967009686,3.95266666666667,3.658,4.932,1.0875,1.1,1.7,3.10416666666667,2.75,5.55,19.775828460039,20,21.1111111111111,18.8888888888889,32.6271186440678,33,32,34,4.72710905865947,4.8009454042022,5.39814650239791,2.63263274607141,"None","None",NA,NA,NA,NA,NA,NA,NA,NA,NA,NA,NA,NA,NA,NA,NA,NA,FALSE
"Konza4","Bu","Ambient","CW/KOH",20240622,"10/22/2024","Lampman","1A_B","1A","B",TRUE,7,2,NA,0,"",1,80.66,40.33,"PoleBarn","1","A",0.04033,0,2,144.5,49.5908752789487,-3.21065967009686,3.95266666666667,3.658,4.932,1.0875,1.1,1.7,3.10416666666667,2.75,5.55,19.775828460039,20,21.1111111111111,18.8888888888889,32.6271186440678,33,32,34,4.72710905865947,4.8009454042022,5.39814650239791,2.63263274607141,"None","None",NA,NA,NA,NA,NA,NA,NA,NA,NA,NA,NA,NA,NA,NA,NA,NA,TRUE
"Konza4","Bu","Ambient","CW/KOH",20240622,"10/22/2024","Lampman","1A_B","1A","B",TRUE,8,4,NA,2,".0625, .0312",1,80.66,40.33,"PoleBarn","1","A",0.04033,0,4,289,99.1817505578973,-3.21065967009686,3.95266666666667,3.658,4.932,1.0875,1.1,1.7,3.10416666666667,2.75,5.55,19.775828460039,20,21.1111111111111,18.8888888888889,32.6271186440678,33,32,34,4.72710905865947,4.8009454042022,5.39814650239791,2.63263274607141,"None","None",NA,NA,NA,NA,NA,NA,NA,NA,NA,NA,NA,NA,NA,NA,NA,NA,TRUE
"Konza4","Bu","Ambient","CW/KOH",20240622,"10/22/2024","Lampman","1A_B","1A","B",FALSE,9,0,NA,0,"",1,80.66,40.33,"PoleBarn","1","A",0.04033,0,0,0,0,-3.21065967009686,3.95266666666667,3.658,4.932,1.0875,1.1,1.7,3.10416666666667,2.75,5.55,19.775828460039,20,21.1111111111111,18.8888888888889,32.6271186440678,33,32,34,4.72710905865947,4.8009454042022,5.39814650239791,2.63263274607141,"None","None",NA,NA,NA,NA,NA,NA,NA,NA,NA,NA,NA,NA,NA,NA,NA,NA,FALSE
"Konza4","Bu","Ambient","CW/KOH",20240622,"10/22/2024","Lampman","1A_B","1A","B",TRUE,10,1,NA,1,"0.25",1,80.66,40.33,"PoleBarn","1","A",0.04033,0,1,72.25,24.7954376394743,-3.21065967009686,3.95266666666667,3.658,4.932,1.0875,1.1,1.7,3.10416666666667,2.75,5.55,19.775828460039,20,21.1111111111111,18.8888888888889,32.6271186440678,33,32,34,4.72710905865947,4.8009454042022,5.39814650239791,2.63263274607141,"None","None",NA,NA,NA,NA,NA,NA,NA,NA,NA,NA,NA,NA,NA,NA,NA,NA,TRUE
"Konza4","Bu","Smoke","CW/KOH",20241119,"12/3/2024","Lampman","8A_B","8A","B",FALSE,1,0,NA,0,"",8,160.5,80.25,"K2A","2","D",0.08025,0.3,0,0,0,-2.52260851697201,1553.63412873965,1428.8528643125,5937.3893195316,240.226237623762,274.935,390.57,1224.54356435644,1166,4325.355,24.7457627118644,25,28.8888888888889,21.6666666666667,21.0593220338983,21,19,23,4.29266275657982,4.3017219819065,5.4557776868215,3.66621610708069,"High","High",82.8378811349006,63.97835327,293.068688508399,4.481362624,162.295445109141,224.5487142,5.799889764843,4.481362624,0.956386792687458,0.968442092435327,1.81904753404269,84.6569286689433,169.313857337887,0.169313857337887,0.000169313857337887,0.0219591267801791,FALSE
"Konza4","Bu","Smoke","CW/KOH",20241119,"12/3/2024","Lampman","8A_B","8A","B",TRUE,2,2,NA,4,".25,.125,.0612,.0612",8,160.5,80.25,"K2A","2","D",0.08025,0.3,1.7,122.825,21.183800623053,-2.52260851697201,1553.63412873965,1428.8528643125,5937.3893195316,240.226237623762,274.935,390.57,1224.54356435644,1166,4325.355,24.7457627118644,25,28.8888888888889,21.6666666666667,21.0593220338983,21,19,23,4.29266275657982,4.3017219819065,5.4557776868215,3.66621610708069,"High","High",82.8378811349006,63.97835327,293.068688508399,4.481362624,162.295445109141,224.5487142,5.799889764843,4.481362624,0.956386792687458,0.968442092435327,1.81904753404269,84.6569286689433,169.313857337887,0.169313857337887,0.000169313857337887,0.0219591267801791,TRUE
"Konza4","Bu","Smoke","CW/KOH",20241119,"12/3/2024","Lampman","8A_B","8A","B",TRUE,3,1,NA,5,".5,.5,.3,.3,.25",8,160.5,80.25,"K2A","2","D",0.08025,0.3,0.7,50.575,8.72274143302181,-2.52260851697201,1553.63412873965,1428.8528643125,5937.3893195316,240.226237623762,274.935,390.57,1224.54356435644,1166,4325.355,24.7457627118644,25,28.8888888888889,21.6666666666667,21.0593220338983,21,19,23,4.29266275657982,4.3017219819065,5.4557776868215,3.66621610708069,"High","High",82.8378811349006,63.97835327,293.068688508399,4.481362624,162.295445109141,224.5487142,5.799889764843,4.481362624,0.956386792687458,0.968442092435327,1.81904753404269,84.6569286689433,169.313857337887,0.169313857337887,0.000169313857337887,0.0219591267801791,TRUE
"Konza4","Bu","Smoke","CW/KOH",20241119,"12/3/2024","Lampman","8A_B","8A","B",TRUE,4,5,NA,0,"",8,160.5,80.25,"K2A","2","D",0.08025,0.3,4.7,339.575,58.5669781931464,-2.52260851697201,1553.63412873965,1428.8528643125,5937.3893195316,240.226237623762,274.935,390.57,1224.54356435644,1166,4325.355,24.7457627118644,25,28.8888888888889,21.6666666666667,21.0593220338983,21,19,23,4.29266275657982,4.3017219819065,5.4557776868215,3.66621610708069,"High","High",82.8378811349006,63.97835327,293.068688508399,4.481362624,162.295445109141,224.5487142,5.799889764843,4.481362624,0.956386792687458,0.968442092435327,1.81904753404269,84.6569286689433,169.313857337887,0.169313857337887,0.000169313857337887,0.0219591267801791,TRUE
"Konza4","Bu","Smoke","CW/KOH",20241119,"12/3/2024","Lampman","8A_B","8A","B",TRUE,5,2,NA,0,"",8,160.5,80.25,"K2A","2","D",0.08025,0.3,1.7,122.825,21.183800623053,-2.52260851697201,1553.63412873965,1428.8528643125,5937.3893195316,240.226237623762,274.935,390.57,1224.54356435644,1166,4325.355,24.7457627118644,25,28.8888888888889,21.6666666666667,21.0593220338983,21,19,23,4.29266275657982,4.3017219819065,5.4557776868215,3.66621610708069,"High","High",82.8378811349006,63.97835327,293.068688508399,4.481362624,162.295445109141,224.5487142,5.799889764843,4.481362624,0.956386792687458,0.968442092435327,1.81904753404269,84.6569286689433,169.313857337887,0.169313857337887,0.000169313857337887,0.0219591267801791,TRUE
"Konza4","Bu","Smoke","CW/KOH",20241119,"12/3/2024","Lampman","8A_B","8A","B",TRUE,6,13,NA,4,".25,.25,.25,.125",8,160.5,80.25,"K2A","2","D",0.08025,0.3,12.7,917.575,158.255451713396,-2.52260851697201,1553.63412873965,1428.8528643125,5937.3893195316,240.226237623762,274.935,390.57,1224.54356435644,1166,4325.355,24.7457627118644,25,28.8888888888889,21.6666666666667,21.0593220338983,21,19,23,4.29266275657982,4.3017219819065,5.4557776868215,3.66621610708069,"High","High",82.8378811349006,63.97835327,293.068688508399,4.481362624,162.295445109141,224.5487142,5.799889764843,4.481362624,0.956386792687458,0.968442092435327,1.81904753404269,84.6569286689433,169.313857337887,0.169313857337887,0.000169313857337887,0.0219591267801791,TRUE
"Konza4","Bu","Smoke","CW/KOH",20241119,"12/3/2024","Lampman","8A_B","8A","B",TRUE,7,8,NA,0,"",8,160.5,80.25,"K2A","2","D",0.08025,0.3,7.7,556.325,95.9501557632399,-2.52260851697201,1553.63412873965,1428.8528643125,5937.3893195316,240.226237623762,274.935,390.57,1224.54356435644,1166,4325.355,24.7457627118644,25,28.8888888888889,21.6666666666667,21.0593220338983,21,19,23,4.29266275657982,4.3017219819065,5.4557776868215,3.66621610708069,"High","High",82.8378811349006,63.97835327,293.068688508399,4.481362624,162.295445109141,224.5487142,5.799889764843,4.481362624,0.956386792687458,0.968442092435327,1.81904753404269,84.6569286689433,169.313857337887,0.169313857337887,0.000169313857337887,0.0219591267801791,TRUE
"Konza4","Bu","Smoke","CW/KOH",20241119,"12/3/2024","Lampman","8A_B","8A","B",TRUE,8,2,NA,1,"0.125",8,160.5,80.25,"K2A","2","D",0.08025,0.3,1.7,122.825,21.183800623053,-2.52260851697201,1553.63412873965,1428.8528643125,5937.3893195316,240.226237623762,274.935,390.57,1224.54356435644,1166,4325.355,24.7457627118644,25,28.8888888888889,21.6666666666667,21.0593220338983,21,19,23,4.29266275657982,4.3017219819065,5.4557776868215,3.66621610708069,"High","High",82.8378811349006,63.97835327,293.068688508399,4.481362624,162.295445109141,224.5487142,5.799889764843,4.481362624,0.956386792687458,0.968442092435327,1.81904753404269,84.6569286689433,169.313857337887,0.169313857337887,0.000169313857337887,0.0219591267801791,TRUE
"Konza4","Bu","Smoke","CW/KOH",20241119,"12/3/2024","Lampman","8A_B","8A","B",TRUE,9,6,NA,0,"",8,160.5,80.25,"K2A","2","D",0.08025,0.3,5.7,411.825,71.0280373831776,-2.52260851697201,1553.63412873965,1428.8528643125,5937.3893195316,240.226237623762,274.935,390.57,1224.54356435644,1166,4325.355,24.7457627118644,25,28.8888888888889,21.6666666666667,21.0593220338983,21,19,23,4.29266275657982,4.3017219819065,5.4557776868215,3.66621610708069,"High","High",82.8378811349006,63.97835327,293.068688508399,4.481362624,162.295445109141,224.5487142,5.799889764843,4.481362624,0.956386792687458,0.968442092435327,1.81904753404269,84.6569286689433,169.313857337887,0.169313857337887,0.000169313857337887,0.0219591267801791,TRUE
"Konza4","Bu","Smoke","CW/KOH",20241119,"12/3/2024","Lampman","8A_B","8A","B",TRUE,10,8,NA,1,"0.5",8,160.5,80.25,"K2A","2","D",0.08025,0.3,7.7,556.325,95.9501557632399,-2.52260851697201,1553.63412873965,1428.8528643125,5937.3893195316,240.226237623762,274.935,390.57,1224.54356435644,1166,4325.355,24.7457627118644,25,28.8888888888889,21.6666666666667,21.0593220338983,21,19,23,4.29266275657982,4.3017219819065,5.4557776868215,3.66621610708069,"High","High",82.8378811349006,63.97835327,293.068688508399,4.481362624,162.295445109141,224.5487142,5.799889764843,4.481362624,0.956386792687458,0.968442092435327,1.81904753404269,84.6569286689433,169.313857337887,0.169313857337887,0.000169313857337887,0.0219591267801791,TRUE
"Konza4","Bu","Smoke","CW/KOH",20241119,"12/3/2024","Lampman","9A_B","9A","B",TRUE,1,2,NA,0,"",9,160.5,80.25,"K2A","2","D",0.08025,0.3,1.7,122.825,21.183800623053,-2.52260851697201,1256.47337713484,687.5955816997,5524.35814976,217.445,234.4925,407.335,1071.10798913043,668.2325,5724.665,23.0721747388414,23.3333333333333,26.1111111111111,21.1111111111111,22.8220338983051,23,20,25,4.18294642272618,4.13455011240909,5.04745010446087,2.88330086679372,"Moderate","High",102.663887287997,55.99927853,363.233624158432,4.307790825,201.151351280264,195.4132978,6.43406417665957,4.307790825,0.946405686134824,0.96452172857645,1.78111289643911,104.445000184436,208.890000368872,0.208890000368872,0.000208890000368872,0.0173489719071581,TRUE
"Konza4","Bu","Smoke","CW/KOH",20241119,"12/3/2024","Lampman","9A_B","9A","B",TRUE,2,4,NA,1,"0.03125",9,160.5,80.25,"K2A","2","D",0.08025,0.3,3.7,267.325,46.1059190031153,-2.52260851697201,1256.47337713484,687.5955816997,5524.35814976,217.445,234.4925,407.335,1071.10798913043,668.2325,5724.665,23.0721747388414,23.3333333333333,26.1111111111111,21.1111111111111,22.8220338983051,23,20,25,4.18294642272618,4.13455011240909,5.04745010446087,2.88330086679372,"Moderate","High",102.663887287997,55.99927853,363.233624158432,4.307790825,201.151351280264,195.4132978,6.43406417665957,4.307790825,0.946405686134824,0.96452172857645,1.78111289643911,104.445000184436,208.890000368872,0.208890000368872,0.000208890000368872,0.0173489719071581,TRUE
"Konza4","Bu","Smoke","CW/KOH",20241119,"12/3/2024","Lampman","9A_B","9A","B",TRUE,3,1,NA,0,"",9,160.5,80.25,"K2A","2","D",0.08025,0.3,0.7,50.575,8.72274143302181,-2.52260851697201,1256.47337713484,687.5955816997,5524.35814976,217.445,234.4925,407.335,1071.10798913043,668.2325,5724.665,23.0721747388414,23.3333333333333,26.1111111111111,21.1111111111111,22.8220338983051,23,20,25,4.18294642272618,4.13455011240909,5.04745010446087,2.88330086679372,"Moderate","High",102.663887287997,55.99927853,363.233624158432,4.307790825,201.151351280264,195.4132978,6.43406417665957,4.307790825,0.946405686134824,0.96452172857645,1.78111289643911,104.445000184436,208.890000368872,0.208890000368872,0.000208890000368872,0.0173489719071581,TRUE
"Konza4","Bu","Smoke","CW/KOH",20241119,"12/3/2024","Lampman","9A_B","9A","B",TRUE,4,2,NA,1,"0.03125",9,160.5,80.25,"K2A","2","D",0.08025,0.3,1.7,122.825,21.183800623053,-2.52260851697201,1256.47337713484,687.5955816997,5524.35814976,217.445,234.4925,407.335,1071.10798913043,668.2325,5724.665,23.0721747388414,23.3333333333333,26.1111111111111,21.1111111111111,22.8220338983051,23,20,25,4.18294642272618,4.13455011240909,5.04745010446087,2.88330086679372,"Moderate","High",102.663887287997,55.99927853,363.233624158432,4.307790825,201.151351280264,195.4132978,6.43406417665957,4.307790825,0.946405686134824,0.96452172857645,1.78111289643911,104.445000184436,208.890000368872,0.208890000368872,0.000208890000368872,0.0173489719071581,TRUE
"Konza4","Bu","Smoke","CW/KOH",20241119,"12/3/2024","Lampman","9A_B","9A","B",TRUE,5,1,NA,0,"",9,160.5,80.25,"K2A","2","D",0.08025,0.3,0.7,50.575,8.72274143302181,-2.52260851697201,1256.47337713484,687.5955816997,5524.35814976,217.445,234.4925,407.335,1071.10798913043,668.2325,5724.665,23.0721747388414,23.3333333333333,26.1111111111111,21.1111111111111,22.8220338983051,23,20,25,4.18294642272618,4.13455011240909,5.04745010446087,2.88330086679372,"Moderate","High",102.663887287997,55.99927853,363.233624158432,4.307790825,201.151351280264,195.4132978,6.43406417665957,4.307790825,0.946405686134824,0.96452172857645,1.78111289643911,104.445000184436,208.890000368872,0.208890000368872,0.000208890000368872,0.0173489719071581,TRUE
"Konza4","Bu","Smoke","CW/KOH",20241119,"12/3/2024","Lampman","9A_B","9A","B",TRUE,6,9,NA,0,"",9,160.5,80.25,"K2A","2","D",0.08025,0.3,8.7,628.575,108.411214953271,-2.52260851697201,1256.47337713484,687.5955816997,5524.35814976,217.445,234.4925,407.335,1071.10798913043,668.2325,5724.665,23.0721747388414,23.3333333333333,26.1111111111111,21.1111111111111,22.8220338983051,23,20,25,4.18294642272618,4.13455011240909,5.04745010446087,2.88330086679372,"Moderate","High",102.663887287997,55.99927853,363.233624158432,4.307790825,201.151351280264,195.4132978,6.43406417665957,4.307790825,0.946405686134824,0.96452172857645,1.78111289643911,104.445000184436,208.890000368872,0.208890000368872,0.000208890000368872,0.0173489719071581,TRUE
"Konza4","Bu","Smoke","CW/KOH",20241119,"12/3/2024","Lampman","9A_B","9A","B",TRUE,7,1,NA,3,".125,.125,.06125",9,160.5,80.25,"K2A","2","D",0.08025,0.3,0.7,50.575,8.72274143302181,-2.52260851697201,1256.47337713484,687.5955816997,5524.35814976,217.445,234.4925,407.335,1071.10798913043,668.2325,5724.665,23.0721747388414,23.3333333333333,26.1111111111111,21.1111111111111,22.8220338983051,23,20,25,4.18294642272618,4.13455011240909,5.04745010446087,2.88330086679372,"Moderate","High",102.663887287997,55.99927853,363.233624158432,4.307790825,201.151351280264,195.4132978,6.43406417665957,4.307790825,0.946405686134824,0.96452172857645,1.78111289643911,104.445000184436,208.890000368872,0.208890000368872,0.000208890000368872,0.0173489719071581,TRUE
"Konza4","Bu","Smoke","CW/KOH",20241119,"12/3/2024","Lampman","9A_B","9A","B",TRUE,8,2,NA,3,".06125,.06125,.3",9,160.5,80.25,"K2A","2","D",0.08025,0.3,1.7,122.825,21.183800623053,-2.52260851697201,1256.47337713484,687.5955816997,5524.35814976,217.445,234.4925,407.335,1071.10798913043,668.2325,5724.665,23.0721747388414,23.3333333333333,26.1111111111111,21.1111111111111,22.8220338983051,23,20,25,4.18294642272618,4.13455011240909,5.04745010446087,2.88330086679372,"Moderate","High",102.663887287997,55.99927853,363.233624158432,4.307790825,201.151351280264,195.4132978,6.43406417665957,4.307790825,0.946405686134824,0.96452172857645,1.78111289643911,104.445000184436,208.890000368872,0.208890000368872,0.000208890000368872,0.0173489719071581,TRUE
"Konza4","Bu","Smoke","CW/KOH",20241119,"12/3/2024","Lampman","9A_B","9A","B",TRUE,9,1,NA,2,".5,.75",9,160.5,80.25,"K2A","2","D",0.08025,0.3,0.7,50.575,8.72274143302181,-2.52260851697201,1256.47337713484,687.5955816997,5524.35814976,217.445,234.4925,407.335,1071.10798913043,668.2325,5724.665,23.0721747388414,23.3333333333333,26.1111111111111,21.1111111111111,22.8220338983051,23,20,25,4.18294642272618,4.13455011240909,5.04745010446087,2.88330086679372,"Moderate","High",102.663887287997,55.99927853,363.233624158432,4.307790825,201.151351280264,195.4132978,6.43406417665957,4.307790825,0.946405686134824,0.96452172857645,1.78111289643911,104.445000184436,208.890000368872,0.208890000368872,0.000208890000368872,0.0173489719071581,TRUE
"Konza4","Bu","Smoke","CW/KOH",20241119,"12/3/2024","Lampman","9A_B","9A","B",FALSE,10,0,NA,2,".3,.03125",9,160.5,80.25,"K2A","2","D",0.08025,0.3,0,0,0,-2.52260851697201,1256.47337713484,687.5955816997,5524.35814976,217.445,234.4925,407.335,1071.10798913043,668.2325,5724.665,23.0721747388414,23.3333333333333,26.1111111111111,21.1111111111111,22.8220338983051,23,20,25,4.18294642272618,4.13455011240909,5.04745010446087,2.88330086679372,"Moderate","High",102.663887287997,55.99927853,363.233624158432,4.307790825,201.151351280264,195.4132978,6.43406417665957,4.307790825,0.946405686134824,0.96452172857645,1.78111289643911,104.445000184436,208.890000368872,0.208890000368872,0.000208890000368872,0.0173489719071581,FALSE
"Konza4","Bu","Smoke","CW/KOH",20241119,"12/3/2024","Lampman","6A_B","6A","B",TRUE,1,3,NA,0,"",6,153.7,76.85,"K20A","2","D",0.07685,0.3,2.7,195.075,35.1333767078725,-2.56589980899753,854.784296080294,622.0134316269,4933.4755801716,224.240157894737,268.355,411,713.546526315789,608.5,2999.445,22.1939736346516,21.9444444444444,28.8888888888889,17.7777777777778,24.7118644067797,25,20,28,4.2643363273576,4.11671790731403,6.35251314682969,3.37215791871653,"Moderate","High",107.258762038198,94.137384815,377.559168942824,7.301904356,209.084544959353,330.78998,8.68620644043279,7.301904356,0.958983297186281,0.963127214295994,1.21659483864619,108.475356876844,216.950713753689,0.216950713753689,0.000216950713753689,0.0113426149577684,TRUE
"Konza4","Bu","Smoke","CW/KOH",20241119,"12/3/2024","Lampman","6A_B","6A","B",TRUE,2,3,NA,0,"",6,153.7,76.85,"K20A","2","D",0.07685,0.3,2.7,195.075,35.1333767078725,-2.56589980899753,854.784296080294,622.0134316269,4933.4755801716,224.240157894737,268.355,411,713.546526315789,608.5,2999.445,22.1939736346516,21.9444444444444,28.8888888888889,17.7777777777778,24.7118644067797,25,20,28,4.2643363273576,4.11671790731403,6.35251314682969,3.37215791871653,"Moderate","High",107.258762038198,94.137384815,377.559168942824,7.301904356,209.084544959353,330.78998,8.68620644043279,7.301904356,0.958983297186281,0.963127214295994,1.21659483864619,108.475356876844,216.950713753689,0.216950713753689,0.000216950713753689,0.0113426149577684,TRUE
"Konza4","Bu","Smoke","CW/KOH",20241119,"12/3/2024","Lampman","6A_B","6A","B",TRUE,3,2,NA,1,"0.25",6,153.7,76.85,"K20A","2","D",0.07685,0.3,1.7,122.825,22.121014964216,-2.56589980899753,854.784296080294,622.0134316269,4933.4755801716,224.240157894737,268.355,411,713.546526315789,608.5,2999.445,22.1939736346516,21.9444444444444,28.8888888888889,17.7777777777778,24.7118644067797,25,20,28,4.2643363273576,4.11671790731403,6.35251314682969,3.37215791871653,"Moderate","High",107.258762038198,94.137384815,377.559168942824,7.301904356,209.084544959353,330.78998,8.68620644043279,7.301904356,0.958983297186281,0.963127214295994,1.21659483864619,108.475356876844,216.950713753689,0.216950713753689,0.000216950713753689,0.0113426149577684,TRUE
"Konza4","Bu","Smoke","CW/KOH",20241119,"12/3/2024","Lampman","6A_B","6A","B",TRUE,4,3,NA,0,"",6,153.7,76.85,"K20A","2","D",0.07685,0.3,2.7,195.075,35.1333767078725,-2.56589980899753,854.784296080294,622.0134316269,4933.4755801716,224.240157894737,268.355,411,713.546526315789,608.5,2999.445,22.1939736346516,21.9444444444444,28.8888888888889,17.7777777777778,24.7118644067797,25,20,28,4.2643363273576,4.11671790731403,6.35251314682969,3.37215791871653,"Moderate","High",107.258762038198,94.137384815,377.559168942824,7.301904356,209.084544959353,330.78998,8.68620644043279,7.301904356,0.958983297186281,0.963127214295994,1.21659483864619,108.475356876844,216.950713753689,0.216950713753689,0.000216950713753689,0.0113426149577684,TRUE
"Konza4","Bu","Smoke","CW/KOH",20241119,"12/3/2024","Lampman","6A_B","6A","B",TRUE,5,2,NA,2,".25,.125",6,153.7,76.85,"K20A","2","D",0.07685,0.3,1.7,122.825,22.121014964216,-2.56589980899753,854.784296080294,622.0134316269,4933.4755801716,224.240157894737,268.355,411,713.546526315789,608.5,2999.445,22.1939736346516,21.9444444444444,28.8888888888889,17.7777777777778,24.7118644067797,25,20,28,4.2643363273576,4.11671790731403,6.35251314682969,3.37215791871653,"Moderate","High",107.258762038198,94.137384815,377.559168942824,7.301904356,209.084544959353,330.78998,8.68620644043279,7.301904356,0.958983297186281,0.963127214295994,1.21659483864619,108.475356876844,216.950713753689,0.216950713753689,0.000216950713753689,0.0113426149577684,TRUE
"Konza4","Bu","Smoke","CW/KOH",20241119,"12/3/2024","Lampman","6A_B","6A","B",TRUE,6,1,NA,1,"0.06125",6,153.7,76.85,"K20A","2","D",0.07685,0.3,0.7,50.575,9.10865322055953,-2.56589980899753,854.784296080294,622.0134316269,4933.4755801716,224.240157894737,268.355,411,713.546526315789,608.5,2999.445,22.1939736346516,21.9444444444444,28.8888888888889,17.7777777777778,24.7118644067797,25,20,28,4.2643363273576,4.11671790731403,6.35251314682969,3.37215791871653,"Moderate","High",107.258762038198,94.137384815,377.559168942824,7.301904356,209.084544959353,330.78998,8.68620644043279,7.301904356,0.958983297186281,0.963127214295994,1.21659483864619,108.475356876844,216.950713753689,0.216950713753689,0.000216950713753689,0.0113426149577684,TRUE
"Konza4","Bu","Smoke","CW/KOH",20241119,"12/3/2024","Lampman","6A_B","6A","B",TRUE,7,2,NA,2,".25,.06125",6,153.7,76.85,"K20A","2","D",0.07685,0.3,1.7,122.825,22.121014964216,-2.56589980899753,854.784296080294,622.0134316269,4933.4755801716,224.240157894737,268.355,411,713.546526315789,608.5,2999.445,22.1939736346516,21.9444444444444,28.8888888888889,17.7777777777778,24.7118644067797,25,20,28,4.2643363273576,4.11671790731403,6.35251314682969,3.37215791871653,"Moderate","High",107.258762038198,94.137384815,377.559168942824,7.301904356,209.084544959353,330.78998,8.68620644043279,7.301904356,0.958983297186281,0.963127214295994,1.21659483864619,108.475356876844,216.950713753689,0.216950713753689,0.000216950713753689,0.0113426149577684,TRUE
"Konza4","Bu","Smoke","CW/KOH",20241119,"12/3/2024","Lampman","6A_B","6A","B",TRUE,8,2,NA,2,".3,.3",6,153.7,76.85,"K20A","2","D",0.07685,0.3,1.7,122.825,22.121014964216,-2.56589980899753,854.784296080294,622.0134316269,4933.4755801716,224.240157894737,268.355,411,713.546526315789,608.5,2999.445,22.1939736346516,21.9444444444444,28.8888888888889,17.7777777777778,24.7118644067797,25,20,28,4.2643363273576,4.11671790731403,6.35251314682969,3.37215791871653,"Moderate","High",107.258762038198,94.137384815,377.559168942824,7.301904356,209.084544959353,330.78998,8.68620644043279,7.301904356,0.958983297186281,0.963127214295994,1.21659483864619,108.475356876844,216.950713753689,0.216950713753689,0.000216950713753689,0.0113426149577684,TRUE
"Konza4","Bu","Smoke","CW/KOH",20241119,"12/3/2024","Lampman","6A_B","6A","B",FALSE,9,0,NA,3,".25,.06125,.25",6,153.7,76.85,"K20A","2","D",0.07685,0.3,0,0,0,-2.56589980899753,854.784296080294,622.0134316269,4933.4755801716,224.240157894737,268.355,411,713.546526315789,608.5,2999.445,22.1939736346516,21.9444444444444,28.8888888888889,17.7777777777778,24.7118644067797,25,20,28,4.2643363273576,4.11671790731403,6.35251314682969,3.37215791871653,"Moderate","High",107.258762038198,94.137384815,377.559168942824,7.301904356,209.084544959353,330.78998,8.68620644043279,7.301904356,0.958983297186281,0.963127214295994,1.21659483864619,108.475356876844,216.950713753689,0.216950713753689,0.000216950713753689,0.0113426149577684,FALSE
"Konza4","Bu","Smoke","CW/KOH",20241119,"12/3/2024","Lampman","6A_B","6A","B",TRUE,10,5,NA,0,"",6,153.7,76.85,"K20A","2","D",0.07685,0.3,4.7,339.575,61.1581001951854,-2.56589980899753,854.784296080294,622.0134316269,4933.4755801716,224.240157894737,268.355,411,713.546526315789,608.5,2999.445,22.1939736346516,21.9444444444444,28.8888888888889,17.7777777777778,24.7118644067797,25,20,28,4.2643363273576,4.11671790731403,6.35251314682969,3.37215791871653,"Moderate","High",107.258762038198,94.137384815,377.559168942824,7.301904356,209.084544959353,330.78998,8.68620644043279,7.301904356,0.958983297186281,0.963127214295994,1.21659483864619,108.475356876844,216.950713753689,0.216950713753689,0.000216950713753689,0.0113426149577684,TRUE
"Konza4","Bu","Smoke","CW/KOH",20241119,"12/3/2024","Lampman","7A_B","7A","B",TRUE,1,2,NA,5,".125,.125,.125,.125,.06125",7,160.3,80.15,"K20A","2","D",0.08015,0.3,1.7,122.825,21.2102308172177,-2.52385539992658,1076.21141261058,1046.72443675345,4169.5790728941,219.52375,257.2375,379.54,873.097336956522,908.375,3326.415,21.7231638418079,21.6666666666667,25.5555555555556,18.8888888888889,22.728813559322,23,21,24,3.81970746671763,3.7812522810594,4.8147971917665,3.22016166799088,"High","High",NA,NA,NA,NA,NA,NA,NA,NA,NA,NA,NA,NA,NA,NA,NA,NA,TRUE
"Konza4","Bu","Smoke","CW/KOH",20241119,"12/3/2024","Lampman","7A_B","7A","B",TRUE,2,2,NA,1,"0.03125",7,160.3,80.15,"K20A","2","D",0.08015,0.3,1.7,122.825,21.2102308172177,-2.52385539992658,1076.21141261058,1046.72443675345,4169.5790728941,219.52375,257.2375,379.54,873.097336956522,908.375,3326.415,21.7231638418079,21.6666666666667,25.5555555555556,18.8888888888889,22.728813559322,23,21,24,3.81970746671763,3.7812522810594,4.8147971917665,3.22016166799088,"High","High",NA,NA,NA,NA,NA,NA,NA,NA,NA,NA,NA,NA,NA,NA,NA,NA,TRUE
"Konza4","Bu","Smoke","CW/KOH",20241119,"12/3/2024","Lampman","7A_B","7A","B",TRUE,3,1,NA,1,"0.25",7,160.3,80.15,"K20A","2","D",0.08015,0.3,0.7,50.575,8.73362445414847,-2.52385539992658,1076.21141261058,1046.72443675345,4169.5790728941,219.52375,257.2375,379.54,873.097336956522,908.375,3326.415,21.7231638418079,21.6666666666667,25.5555555555556,18.8888888888889,22.728813559322,23,21,24,3.81970746671763,3.7812522810594,4.8147971917665,3.22016166799088,"High","High",NA,NA,NA,NA,NA,NA,NA,NA,NA,NA,NA,NA,NA,NA,NA,NA,TRUE
"Konza4","Bu","Smoke","CW/KOH",20241119,"12/3/2024","Lampman","7A_B","7A","B",FALSE,4,0,NA,3,".25,.03125,.3",7,160.3,80.15,"K20A","2","D",0.08015,0.3,0,0,0,-2.52385539992658,1076.21141261058,1046.72443675345,4169.5790728941,219.52375,257.2375,379.54,873.097336956522,908.375,3326.415,21.7231638418079,21.6666666666667,25.5555555555556,18.8888888888889,22.728813559322,23,21,24,3.81970746671763,3.7812522810594,4.8147971917665,3.22016166799088,"High","High",NA,NA,NA,NA,NA,NA,NA,NA,NA,NA,NA,NA,NA,NA,NA,NA,FALSE
"Konza4","Bu","Smoke","CW/KOH",20241119,"12/3/2024","Lampman","7A_B","7A","B",TRUE,5,6,NA,0,"",7,160.3,80.15,"K20A","2","D",0.08015,0.3,5.7,411.825,71.1166562694947,-2.52385539992658,1076.21141261058,1046.72443675345,4169.5790728941,219.52375,257.2375,379.54,873.097336956522,908.375,3326.415,21.7231638418079,21.6666666666667,25.5555555555556,18.8888888888889,22.728813559322,23,21,24,3.81970746671763,3.7812522810594,4.8147971917665,3.22016166799088,"High","High",NA,NA,NA,NA,NA,NA,NA,NA,NA,NA,NA,NA,NA,NA,NA,NA,TRUE
"Konza4","Bu","Smoke","CW/KOH",20241119,"12/3/2024","Lampman","7A_B","7A","B",TRUE,6,2,NA,4,".25,.25,.125,.2",7,160.3,80.15,"K20A","2","D",0.08015,0.3,1.7,122.825,21.2102308172177,-2.52385539992658,1076.21141261058,1046.72443675345,4169.5790728941,219.52375,257.2375,379.54,873.097336956522,908.375,3326.415,21.7231638418079,21.6666666666667,25.5555555555556,18.8888888888889,22.728813559322,23,21,24,3.81970746671763,3.7812522810594,4.8147971917665,3.22016166799088,"High","High",NA,NA,NA,NA,NA,NA,NA,NA,NA,NA,NA,NA,NA,NA,NA,NA,TRUE
"Konza4","Bu","Smoke","CW/KOH",20241119,"12/3/2024","Lampman","7A_B","7A","B",TRUE,7,1,NA,4,".5,.25,.125,.3",7,160.3,80.15,"K20A","2","D",0.08015,0.3,0.7,50.575,8.73362445414847,-2.52385539992658,1076.21141261058,1046.72443675345,4169.5790728941,219.52375,257.2375,379.54,873.097336956522,908.375,3326.415,21.7231638418079,21.6666666666667,25.5555555555556,18.8888888888889,22.728813559322,23,21,24,3.81970746671763,3.7812522810594,4.8147971917665,3.22016166799088,"High","High",NA,NA,NA,NA,NA,NA,NA,NA,NA,NA,NA,NA,NA,NA,NA,NA,TRUE
"Konza4","Bu","Smoke","CW/KOH",20241119,"12/3/2024","Lampman","7A_B","7A","B",TRUE,8,4,NA,1,"0.75",7,160.3,80.15,"K20A","2","D",0.08015,0.3,3.7,267.325,46.1634435433562,-2.52385539992658,1076.21141261058,1046.72443675345,4169.5790728941,219.52375,257.2375,379.54,873.097336956522,908.375,3326.415,21.7231638418079,21.6666666666667,25.5555555555556,18.8888888888889,22.728813559322,23,21,24,3.81970746671763,3.7812522810594,4.8147971917665,3.22016166799088,"High","High",NA,NA,NA,NA,NA,NA,NA,NA,NA,NA,NA,NA,NA,NA,NA,NA,TRUE
"Konza4","Bu","Smoke","CW/KOH",20241119,"12/3/2024","Lampman","7A_B","7A","B",TRUE,9,1,NA,4,".5,.3,.03125,.03125",7,160.3,80.15,"K20A","2","D",0.08015,0.3,0.7,50.575,8.73362445414847,-2.52385539992658,1076.21141261058,1046.72443675345,4169.5790728941,219.52375,257.2375,379.54,873.097336956522,908.375,3326.415,21.7231638418079,21.6666666666667,25.5555555555556,18.8888888888889,22.728813559322,23,21,24,3.81970746671763,3.7812522810594,4.8147971917665,3.22016166799088,"High","High",NA,NA,NA,NA,NA,NA,NA,NA,NA,NA,NA,NA,NA,NA,NA,NA,TRUE
"Konza4","Bu","Smoke","CW/KOH",20241119,"12/3/2024","Lampman","7A_B","7A","B",TRUE,10,7,NA,7,".5,.5,.5,.5,.5,.5,.25",7,160.3,80.15,"K20A","2","D",0.08015,0.3,6.7,484.075,83.5932626325639,-2.52385539992658,1076.21141261058,1046.72443675345,4169.5790728941,219.52375,257.2375,379.54,873.097336956522,908.375,3326.415,21.7231638418079,21.6666666666667,25.5555555555556,18.8888888888889,22.728813559322,23,21,24,3.81970746671763,3.7812522810594,4.8147971917665,3.22016166799088,"High","High",NA,NA,NA,NA,NA,NA,NA,NA,NA,NA,NA,NA,NA,NA,NA,NA,TRUE
"Konza4","Bu","Ambient","CW/KOH",20240624,"10/22/2024","Lampman","2A.B","2A","B",TRUE,1,3,NA,1,"0.25",2,80.24,40.12,"PoleBarn","1","A",0.04012,0,3,216.75,74.7756729810568,-3.2158803158884,4.574625,4.5661,5.44,2.065875,2,3.25,3.034,3,5.5,20.9133709981168,21.1111111111111,22.7777777777778,19.4444444444444,30.1016949152542,30,29,32,4.76631872026638,4.81229997090384,5.39747639079891,4.44230429858697,"None","None",NA,NA,NA,NA,NA,NA,NA,NA,NA,NA,NA,NA,NA,NA,NA,NA,TRUE
"Konza4","Bu","Ambient","CW/KOH",20240624,"10/22/2024","Lampman","2A.B","2A","B",FALSE,2,0,NA,0,"",2,80.24,40.12,"PoleBarn","1","A",0.04012,0,0,0,0,-3.2158803158884,4.574625,4.5661,5.44,2.065875,2,3.25,3.034,3,5.5,20.9133709981168,21.1111111111111,22.7777777777778,19.4444444444444,30.1016949152542,30,29,32,4.76631872026638,4.81229997090384,5.39747639079891,4.44230429858697,"None","None",NA,NA,NA,NA,NA,NA,NA,NA,NA,NA,NA,NA,NA,NA,NA,NA,FALSE
"Konza4","Bu","Ambient","CW/KOH",20240624,"10/22/2024","Lampman","2A.B","2A","B",FALSE,3,0,NA,0,"",2,80.24,40.12,"PoleBarn","1","A",0.04012,0,0,0,0,-3.2158803158884,4.574625,4.5661,5.44,2.065875,2,3.25,3.034,3,5.5,20.9133709981168,21.1111111111111,22.7777777777778,19.4444444444444,30.1016949152542,30,29,32,4.76631872026638,4.81229997090384,5.39747639079891,4.44230429858697,"None","None",NA,NA,NA,NA,NA,NA,NA,NA,NA,NA,NA,NA,NA,NA,NA,NA,FALSE
"Konza4","Bu","Ambient","CW/KOH",20240624,"10/22/2024","Lampman","2A.B","2A","B",TRUE,4,5,NA,0,"",2,80.24,40.12,"PoleBarn","1","A",0.04012,0,5,361.25,124.626121635095,-3.2158803158884,4.574625,4.5661,5.44,2.065875,2,3.25,3.034,3,5.5,20.9133709981168,21.1111111111111,22.7777777777778,19.4444444444444,30.1016949152542,30,29,32,4.76631872026638,4.81229997090384,5.39747639079891,4.44230429858697,"None","None",NA,NA,NA,NA,NA,NA,NA,NA,NA,NA,NA,NA,NA,NA,NA,NA,TRUE
"Konza4","Bu","Ambient","CW/KOH",20240624,"10/22/2024","Lampman","2A.B","2A","B",FALSE,5,0,NA,0,"",2,80.24,40.12,"PoleBarn","1","A",0.04012,0,0,0,0,-3.2158803158884,4.574625,4.5661,5.44,2.065875,2,3.25,3.034,3,5.5,20.9133709981168,21.1111111111111,22.7777777777778,19.4444444444444,30.1016949152542,30,29,32,4.76631872026638,4.81229997090384,5.39747639079891,4.44230429858697,"None","None",NA,NA,NA,NA,NA,NA,NA,NA,NA,NA,NA,NA,NA,NA,NA,NA,FALSE
"Konza4","Bu","Ambient","CW/KOH",20240624,"10/22/2024","Lampman","2A.B","2A","B",TRUE,6,1,NA,0,"",2,80.24,40.12,"PoleBarn","1","A",0.04012,0,1,72.25,24.9252243270189,-3.2158803158884,4.574625,4.5661,5.44,2.065875,2,3.25,3.034,3,5.5,20.9133709981168,21.1111111111111,22.7777777777778,19.4444444444444,30.1016949152542,30,29,32,4.76631872026638,4.81229997090384,5.39747639079891,4.44230429858697,"None","None",NA,NA,NA,NA,NA,NA,NA,NA,NA,NA,NA,NA,NA,NA,NA,NA,TRUE
"Konza4","Bu","Ambient","CW/KOH",20240624,"10/22/2024","Lampman","2A.B","2A","B",TRUE,7,3,NA,1,"0.25",2,80.24,40.12,"PoleBarn","1","A",0.04012,0,3,216.75,74.7756729810568,-3.2158803158884,4.574625,4.5661,5.44,2.065875,2,3.25,3.034,3,5.5,20.9133709981168,21.1111111111111,22.7777777777778,19.4444444444444,30.1016949152542,30,29,32,4.76631872026638,4.81229997090384,5.39747639079891,4.44230429858697,"None","None",NA,NA,NA,NA,NA,NA,NA,NA,NA,NA,NA,NA,NA,NA,NA,NA,TRUE
"Konza4","Bu","Ambient","CW/KOH",20240624,"10/22/2024","Lampman","2A.B","2A","B",FALSE,8,0,NA,2,".0625,.0625",2,80.24,40.12,"PoleBarn","1","A",0.04012,0,0,0,0,-3.2158803158884,4.574625,4.5661,5.44,2.065875,2,3.25,3.034,3,5.5,20.9133709981168,21.1111111111111,22.7777777777778,19.4444444444444,30.1016949152542,30,29,32,4.76631872026638,4.81229997090384,5.39747639079891,4.44230429858697,"None","None",NA,NA,NA,NA,NA,NA,NA,NA,NA,NA,NA,NA,NA,NA,NA,NA,FALSE
"Konza4","Bu","Ambient","CW/KOH",20240624,"10/22/2024","Lampman","2A.B","2A","B",TRUE,9,1,NA,1,"0.0625",2,80.24,40.12,"PoleBarn","1","A",0.04012,0,1,72.25,24.9252243270189,-3.2158803158884,4.574625,4.5661,5.44,2.065875,2,3.25,3.034,3,5.5,20.9133709981168,21.1111111111111,22.7777777777778,19.4444444444444,30.1016949152542,30,29,32,4.76631872026638,4.81229997090384,5.39747639079891,4.44230429858697,"None","None",NA,NA,NA,NA,NA,NA,NA,NA,NA,NA,NA,NA,NA,NA,NA,NA,TRUE
"Konza4","Bu","Ambient","CW/KOH",20240624,"10/22/2024","Lampman","2A.B","2A","B",FALSE,10,0,NA,0,"",2,80.24,40.12,"PoleBarn","1","A",0.04012,0,0,0,0,-3.2158803158884,4.574625,4.5661,5.44,2.065875,2,3.25,3.034,3,5.5,20.9133709981168,21.1111111111111,22.7777777777778,19.4444444444444,30.1016949152542,30,29,32,4.76631872026638,4.81229997090384,5.39747639079891,4.44230429858697,"None","None",NA,NA,NA,NA,NA,NA,NA,NA,NA,NA,NA,NA,NA,NA,NA,NA,FALSE
"Konza4","Bu","Smoke","CW/KOH",20240703,"10/22/2024","Lampman","3A.B","3A","B",TRUE,1,3,NA,0,"",3,146.3,73.15,"26FF","1","C",0.07315,0.25,2.75,198.6875,37.593984962406,-2.615243151516,768.703858398099,459.23663138345,3992.1687178469,191.34987804878,211.6325,373.835,669.541890243902,495.425,3316.835,25.989417989418,26.6666666666667,29.4444444444444,22.7777777777778,23.3142857142857,23,21,26,5.04252004022786,5.19825988690415,6.08027508422063,4.25956384674497,"Moderate","Low",100.047736041016,62.8247464,352.514205295751,4.160485768,195.685125629135,220.6158964,7.15892455454043,4.160485768,0.950072560421741,0.964770671674934,0.946687897898232,100.994423938914,201.988847877828,0.201988847877828,0.000201988847877828,0.00946236202196647,TRUE
"Konza4","Bu","Smoke","CW/KOH",20240703,"10/22/2024","Lampman","3A.B","3A","B",TRUE,2,12,NA,0,"",3,146.3,73.15,"26FF","1","C",0.07315,0.25,11.75,848.9375,160.628844839371,-2.615243151516,768.703858398099,459.23663138345,3992.1687178469,191.34987804878,211.6325,373.835,669.541890243902,495.425,3316.835,25.989417989418,26.6666666666667,29.4444444444444,22.7777777777778,23.3142857142857,23,21,26,5.04252004022786,5.19825988690415,6.08027508422063,4.25956384674497,"Moderate","Low",100.047736041016,62.8247464,352.514205295751,4.160485768,195.685125629135,220.6158964,7.15892455454043,4.160485768,0.950072560421741,0.964770671674934,0.946687897898232,100.994423938914,201.988847877828,0.201988847877828,0.000201988847877828,0.00946236202196647,TRUE
"Konza4","Bu","Smoke","CW/KOH",20240703,"10/22/2024","Lampman","3A.B","3A","B",TRUE,3,19,NA,0,"",3,146.3,73.15,"26FF","1","C",0.07315,0.25,18.75,1354.6875,256.322624743677,-2.615243151516,768.703858398099,459.23663138345,3992.1687178469,191.34987804878,211.6325,373.835,669.541890243902,495.425,3316.835,25.989417989418,26.6666666666667,29.4444444444444,22.7777777777778,23.3142857142857,23,21,26,5.04252004022786,5.19825988690415,6.08027508422063,4.25956384674497,"Moderate","Low",100.047736041016,62.8247464,352.514205295751,4.160485768,195.685125629135,220.6158964,7.15892455454043,4.160485768,0.950072560421741,0.964770671674934,0.946687897898232,100.994423938914,201.988847877828,0.201988847877828,0.000201988847877828,0.00946236202196647,TRUE
"Konza4","Bu","Smoke","CW/KOH",20240703,"10/22/2024","Lampman","3A.B","3A","B",TRUE,4,7,NA,1,"0.0125",3,146.3,73.15,"26FF","1","C",0.07315,0.25,6.75,487.6875,92.2761449077238,-2.615243151516,768.703858398099,459.23663138345,3992.1687178469,191.34987804878,211.6325,373.835,669.541890243902,495.425,3316.835,25.989417989418,26.6666666666667,29.4444444444444,22.7777777777778,23.3142857142857,23,21,26,5.04252004022786,5.19825988690415,6.08027508422063,4.25956384674497,"Moderate","Low",100.047736041016,62.8247464,352.514205295751,4.160485768,195.685125629135,220.6158964,7.15892455454043,4.160485768,0.950072560421741,0.964770671674934,0.946687897898232,100.994423938914,201.988847877828,0.201988847877828,0.000201988847877828,0.00946236202196647,TRUE
"Konza4","Bu","Smoke","CW/KOH",20240703,"10/22/2024","Lampman","3A.B","3A","B",TRUE,5,7,NA,0,"",3,146.3,73.15,"26FF","1","C",0.07315,0.25,6.75,487.6875,92.2761449077238,-2.615243151516,768.703858398099,459.23663138345,3992.1687178469,191.34987804878,211.6325,373.835,669.541890243902,495.425,3316.835,25.989417989418,26.6666666666667,29.4444444444444,22.7777777777778,23.3142857142857,23,21,26,5.04252004022786,5.19825988690415,6.08027508422063,4.25956384674497,"Moderate","Low",100.047736041016,62.8247464,352.514205295751,4.160485768,195.685125629135,220.6158964,7.15892455454043,4.160485768,0.950072560421741,0.964770671674934,0.946687897898232,100.994423938914,201.988847877828,0.201988847877828,0.000201988847877828,0.00946236202196647,TRUE
"Konza4","Bu","Smoke","CW/KOH",20240703,"10/22/2024","Lampman","3A.B","3A","B",TRUE,6,9,NA,0,"",3,146.3,73.15,"26FF","1","C",0.07315,0.25,8.75,632.1875,119.617224880383,-2.615243151516,768.703858398099,459.23663138345,3992.1687178469,191.34987804878,211.6325,373.835,669.541890243902,495.425,3316.835,25.989417989418,26.6666666666667,29.4444444444444,22.7777777777778,23.3142857142857,23,21,26,5.04252004022786,5.19825988690415,6.08027508422063,4.25956384674497,"Moderate","Low",100.047736041016,62.8247464,352.514205295751,4.160485768,195.685125629135,220.6158964,7.15892455454043,4.160485768,0.950072560421741,0.964770671674934,0.946687897898232,100.994423938914,201.988847877828,0.201988847877828,0.000201988847877828,0.00946236202196647,TRUE
"Konza4","Bu","Smoke","CW/KOH",20240703,"10/22/2024","Lampman","3A.B","3A","B",TRUE,7,6,NA,0,"",3,146.3,73.15,"26FF","1","C",0.07315,0.25,5.75,415.4375,78.6056049213944,-2.615243151516,768.703858398099,459.23663138345,3992.1687178469,191.34987804878,211.6325,373.835,669.541890243902,495.425,3316.835,25.989417989418,26.6666666666667,29.4444444444444,22.7777777777778,23.3142857142857,23,21,26,5.04252004022786,5.19825988690415,6.08027508422063,4.25956384674497,"Moderate","Low",100.047736041016,62.8247464,352.514205295751,4.160485768,195.685125629135,220.6158964,7.15892455454043,4.160485768,0.950072560421741,0.964770671674934,0.946687897898232,100.994423938914,201.988847877828,0.201988847877828,0.000201988847877828,0.00946236202196647,TRUE
"Konza4","Bu","Smoke","CW/KOH",20240703,"10/22/2024","Lampman","3A.B","3A","B",TRUE,8,7,NA,1,"0.03125",3,146.3,73.15,"26FF","1","C",0.07315,0.25,6.75,487.6875,92.2761449077238,-2.615243151516,768.703858398099,459.23663138345,3992.1687178469,191.34987804878,211.6325,373.835,669.541890243902,495.425,3316.835,25.989417989418,26.6666666666667,29.4444444444444,22.7777777777778,23.3142857142857,23,21,26,5.04252004022786,5.19825988690415,6.08027508422063,4.25956384674497,"Moderate","Low",100.047736041016,62.8247464,352.514205295751,4.160485768,195.685125629135,220.6158964,7.15892455454043,4.160485768,0.950072560421741,0.964770671674934,0.946687897898232,100.994423938914,201.988847877828,0.201988847877828,0.000201988847877828,0.00946236202196647,TRUE
"Konza4","Bu","Smoke","CW/KOH",20240703,"10/22/2024","Lampman","3A.B","3A","B",TRUE,9,1,NA,0,"",3,146.3,73.15,"26FF","1","C",0.07315,0.25,0.75,54.1875,10.2529049897471,-2.615243151516,768.703858398099,459.23663138345,3992.1687178469,191.34987804878,211.6325,373.835,669.541890243902,495.425,3316.835,25.989417989418,26.6666666666667,29.4444444444444,22.7777777777778,23.3142857142857,23,21,26,5.04252004022786,5.19825988690415,6.08027508422063,4.25956384674497,"Moderate","Low",100.047736041016,62.8247464,352.514205295751,4.160485768,195.685125629135,220.6158964,7.15892455454043,4.160485768,0.950072560421741,0.964770671674934,0.946687897898232,100.994423938914,201.988847877828,0.201988847877828,0.000201988847877828,0.00946236202196647,TRUE
"Konza4","Bu","Smoke","CW/KOH",20240703,"10/22/2024","Lampman","3A.B","3A","B",TRUE,10,10,NA,0,"",3,146.3,73.15,"26FF","1","C",0.07315,0.25,9.75,704.4375,133.287764866712,-2.615243151516,768.703858398099,459.23663138345,3992.1687178469,191.34987804878,211.6325,373.835,669.541890243902,495.425,3316.835,25.989417989418,26.6666666666667,29.4444444444444,22.7777777777778,23.3142857142857,23,21,26,5.04252004022786,5.19825988690415,6.08027508422063,4.25956384674497,"Moderate","Low",100.047736041016,62.8247464,352.514205295751,4.160485768,195.685125629135,220.6158964,7.15892455454043,4.160485768,0.950072560421741,0.964770671674934,0.946687897898232,100.994423938914,201.988847877828,0.201988847877828,0.000201988847877828,0.00946236202196647,TRUE
"Konza4","Bu","Smoke","CW/KOH",20240703,"10/22/2024","Lampman","4A.B","4A","B",TRUE,1,2,NA,0,"",4,106.8,53.4,"25BF","1","C",0.0534,0.25,1.75,126.4375,32.7715355805244,-2.92994453301599,244.481797380629,244.1158395425,592.6428621869,146.161379310345,155.0425,308.085,278.877155172414,303.425,578.415,20.8227848101266,20.5555555555556,22.2222222222222,17.2222222222222,27.6,28,26,29,4.32319476271773,4.25978414847026,4.61522109314314,2.62820125297068,"Low","Low",22.778470492887,20.238029895,81.0226656961431,0.768317888,44.1497946392527,72.56262205,1.32389368666259,0.768317888,0.963179902051019,0.978183544881587,0.368165561693298,23.1466360545803,46.2932721091607,0.0462932721091607,4.62932721091607e-05,0.0161628745796722,TRUE
"Konza4","Bu","Smoke","CW/KOH",20240703,"10/22/2024","Lampman","4A.B","4A","B",FALSE,2,0,NA,1,"0.25",4,106.8,53.4,"25BF","1","C",0.0534,0.25,0,0,0,-2.92994453301599,244.481797380629,244.1158395425,592.6428621869,146.161379310345,155.0425,308.085,278.877155172414,303.425,578.415,20.8227848101266,20.5555555555556,22.2222222222222,17.2222222222222,27.6,28,26,29,4.32319476271773,4.25978414847026,4.61522109314314,2.62820125297068,"Low","Low",22.778470492887,20.238029895,81.0226656961431,0.768317888,44.1497946392527,72.56262205,1.32389368666259,0.768317888,0.963179902051019,0.978183544881587,0.368165561693298,23.1466360545803,46.2932721091607,0.0462932721091607,4.62932721091607e-05,0.0161628745796722,FALSE
"Konza4","Bu","Smoke","CW/KOH",20240703,"10/22/2024","Lampman","4A.B","4A","B",TRUE,3,8,NA,0,"",4,106.8,53.4,"25BF","1","C",0.0534,0.25,7.75,559.9375,145.131086142322,-2.92994453301599,244.481797380629,244.1158395425,592.6428621869,146.161379310345,155.0425,308.085,278.877155172414,303.425,578.415,20.8227848101266,20.5555555555556,22.2222222222222,17.2222222222222,27.6,28,26,29,4.32319476271773,4.25978414847026,4.61522109314314,2.62820125297068,"Low","Low",22.778470492887,20.238029895,81.0226656961431,0.768317888,44.1497946392527,72.56262205,1.32389368666259,0.768317888,0.963179902051019,0.978183544881587,0.368165561693298,23.1466360545803,46.2932721091607,0.0462932721091607,4.62932721091607e-05,0.0161628745796722,TRUE
"Konza4","Bu","Smoke","CW/KOH",20240703,"10/22/2024","Lampman","4A.B","4A","B",FALSE,4,0,NA,0,"",4,106.8,53.4,"25BF","1","C",0.0534,0.25,0,0,0,-2.92994453301599,244.481797380629,244.1158395425,592.6428621869,146.161379310345,155.0425,308.085,278.877155172414,303.425,578.415,20.8227848101266,20.5555555555556,22.2222222222222,17.2222222222222,27.6,28,26,29,4.32319476271773,4.25978414847026,4.61522109314314,2.62820125297068,"Low","Low",22.778470492887,20.238029895,81.0226656961431,0.768317888,44.1497946392527,72.56262205,1.32389368666259,0.768317888,0.963179902051019,0.978183544881587,0.368165561693298,23.1466360545803,46.2932721091607,0.0462932721091607,4.62932721091607e-05,0.0161628745796722,FALSE
"Konza4","Bu","Smoke","CW/KOH",20240703,"10/22/2024","Lampman","4A.B","4A","B",TRUE,5,1,NA,0,"",4,106.8,53.4,"25BF","1","C",0.0534,0.25,0.75,54.1875,14.0449438202247,-2.92994453301599,244.481797380629,244.1158395425,592.6428621869,146.161379310345,155.0425,308.085,278.877155172414,303.425,578.415,20.8227848101266,20.5555555555556,22.2222222222222,17.2222222222222,27.6,28,26,29,4.32319476271773,4.25978414847026,4.61522109314314,2.62820125297068,"Low","Low",22.778470492887,20.238029895,81.0226656961431,0.768317888,44.1497946392527,72.56262205,1.32389368666259,0.768317888,0.963179902051019,0.978183544881587,0.368165561693298,23.1466360545803,46.2932721091607,0.0462932721091607,4.62932721091607e-05,0.0161628745796722,TRUE
"Konza4","Bu","Smoke","CW/KOH",20240703,"10/22/2024","Lampman","4A.B","4A","B",TRUE,6,3,NA,0,"",4,106.8,53.4,"25BF","1","C",0.0534,0.25,2.75,198.6875,51.498127340824,-2.92994453301599,244.481797380629,244.1158395425,592.6428621869,146.161379310345,155.0425,308.085,278.877155172414,303.425,578.415,20.8227848101266,20.5555555555556,22.2222222222222,17.2222222222222,27.6,28,26,29,4.32319476271773,4.25978414847026,4.61522109314314,2.62820125297068,"Low","Low",22.778470492887,20.238029895,81.0226656961431,0.768317888,44.1497946392527,72.56262205,1.32389368666259,0.768317888,0.963179902051019,0.978183544881587,0.368165561693298,23.1466360545803,46.2932721091607,0.0462932721091607,4.62932721091607e-05,0.0161628745796722,TRUE
"Konza4","Bu","Smoke","CW/KOH",20240703,"10/22/2024","Lampman","4A.B","4A","B",TRUE,7,2,NA,1,"0.25",4,106.8,53.4,"25BF","1","C",0.0534,0.25,1.75,126.4375,32.7715355805244,-2.92994453301599,244.481797380629,244.1158395425,592.6428621869,146.161379310345,155.0425,308.085,278.877155172414,303.425,578.415,20.8227848101266,20.5555555555556,22.2222222222222,17.2222222222222,27.6,28,26,29,4.32319476271773,4.25978414847026,4.61522109314314,2.62820125297068,"Low","Low",22.778470492887,20.238029895,81.0226656961431,0.768317888,44.1497946392527,72.56262205,1.32389368666259,0.768317888,0.963179902051019,0.978183544881587,0.368165561693298,23.1466360545803,46.2932721091607,0.0462932721091607,4.62932721091607e-05,0.0161628745796722,TRUE
"Konza4","Bu","Smoke","CW/KOH",20240703,"10/22/2024","Lampman","4A.B","4A","B",TRUE,8,3,NA,0,"",4,106.8,53.4,"25BF","1","C",0.0534,0.25,2.75,198.6875,51.498127340824,-2.92994453301599,244.481797380629,244.1158395425,592.6428621869,146.161379310345,155.0425,308.085,278.877155172414,303.425,578.415,20.8227848101266,20.5555555555556,22.2222222222222,17.2222222222222,27.6,28,26,29,4.32319476271773,4.25978414847026,4.61522109314314,2.62820125297068,"Low","Low",22.778470492887,20.238029895,81.0226656961431,0.768317888,44.1497946392527,72.56262205,1.32389368666259,0.768317888,0.963179902051019,0.978183544881587,0.368165561693298,23.1466360545803,46.2932721091607,0.0462932721091607,4.62932721091607e-05,0.0161628745796722,TRUE
"Konza4","Bu","Smoke","CW/KOH",20240703,"10/22/2024","Lampman","4A.B","4A","B",FALSE,9,0,NA,0,"",4,106.8,53.4,"25BF","1","C",0.0534,0.25,0,0,0,-2.92994453301599,244.481797380629,244.1158395425,592.6428621869,146.161379310345,155.0425,308.085,278.877155172414,303.425,578.415,20.8227848101266,20.5555555555556,22.2222222222222,17.2222222222222,27.6,28,26,29,4.32319476271773,4.25978414847026,4.61522109314314,2.62820125297068,"Low","Low",22.778470492887,20.238029895,81.0226656961431,0.768317888,44.1497946392527,72.56262205,1.32389368666259,0.768317888,0.963179902051019,0.978183544881587,0.368165561693298,23.1466360545803,46.2932721091607,0.0462932721091607,4.62932721091607e-05,0.0161628745796722,FALSE
"Konza4","Bu","Smoke","CW/KOH",20240703,"10/22/2024","Lampman","4A.B","4A","B",TRUE,10,1,NA,4,".3,.3,.3,.25",4,106.8,53.4,"25BF","1","C",0.0534,0.25,0.75,54.1875,14.0449438202247,-2.92994453301599,244.481797380629,244.1158395425,592.6428621869,146.161379310345,155.0425,308.085,278.877155172414,303.425,578.415,20.8227848101266,20.5555555555556,22.2222222222222,17.2222222222222,27.6,28,26,29,4.32319476271773,4.25978414847026,4.61522109314314,2.62820125297068,"Low","Low",22.778470492887,20.238029895,81.0226656961431,0.768317888,44.1497946392527,72.56262205,1.32389368666259,0.768317888,0.963179902051019,0.978183544881587,0.368165561693298,23.1466360545803,46.2932721091607,0.0462932721091607,4.62932721091607e-05,0.0161628745796722,TRUE
"Konza4","Bu","Smoke","CW/KOH",20240704,"10/22/2024","Lampman","5A.B","5A","B",TRUE,1,8,NA,0,"",5,90.6,45.3,"25RF","1","C",0.0453,0.25,7.75,559.9375,171.081677704194,-3.09444824649315,939.14662872788,919.8626183237,2740.7872445669,234.294722222222,255.0475,379.085,830.020833333333,843.7125,1963.75,20.531045751634,20.5555555555556,21.1111111111111,18.8888888888889,29.304347826087,29,28,31,4.53428195985524,4.61904543870654,4.80771184624636,3.64387568241215,"High","High",6.51392451083768,4.9776328815,305.705285688116,4.9776328815,166.720939850648,287.4314914,5.58312155572494,4.9776328815,0.969010080743074,0.973148837349764,1.24005351911903,7.75397802995671,15.5079560599134,0.0155079560599134,1.55079560599134e-05,0.190369648444017,TRUE
"Konza4","Bu","Smoke","CW/KOH",20240704,"10/22/2024","Lampman","5A.B","5A","B",TRUE,2,6,NA,1,"0.4",5,90.6,45.3,"25RF","1","C",0.0453,0.25,5.75,415.4375,126.931567328918,-3.09444824649315,939.14662872788,919.8626183237,2740.7872445669,234.294722222222,255.0475,379.085,830.020833333333,843.7125,1963.75,20.531045751634,20.5555555555556,21.1111111111111,18.8888888888889,29.304347826087,29,28,31,4.53428195985524,4.61904543870654,4.80771184624636,3.64387568241215,"High","High",6.51392451083768,4.9776328815,305.705285688116,4.9776328815,166.720939850648,287.4314914,5.58312155572494,4.9776328815,0.969010080743074,0.973148837349764,1.24005351911903,7.75397802995671,15.5079560599134,0.0155079560599134,1.55079560599134e-05,0.190369648444017,TRUE
"Konza4","Bu","Smoke","CW/KOH",20240704,"10/22/2024","Lampman","5A.B","5A","B",TRUE,3,2,NA,0,"",5,90.6,45.3,"25RF","1","C",0.0453,0.25,1.75,126.4375,38.6313465783664,-3.09444824649315,939.14662872788,919.8626183237,2740.7872445669,234.294722222222,255.0475,379.085,830.020833333333,843.7125,1963.75,20.531045751634,20.5555555555556,21.1111111111111,18.8888888888889,29.304347826087,29,28,31,4.53428195985524,4.61904543870654,4.80771184624636,3.64387568241215,"High","High",6.51392451083768,4.9776328815,305.705285688116,4.9776328815,166.720939850648,287.4314914,5.58312155572494,4.9776328815,0.969010080743074,0.973148837349764,1.24005351911903,7.75397802995671,15.5079560599134,0.0155079560599134,1.55079560599134e-05,0.190369648444017,TRUE
"Konza4","Bu","Smoke","CW/KOH",20240704,"10/22/2024","Lampman","5A.B","5A","B",TRUE,4,5,NA,4,".25,.25,.3,.125",5,90.6,45.3,"25RF","1","C",0.0453,0.25,4.75,343.1875,104.85651214128,-3.09444824649315,939.14662872788,919.8626183237,2740.7872445669,234.294722222222,255.0475,379.085,830.020833333333,843.7125,1963.75,20.531045751634,20.5555555555556,21.1111111111111,18.8888888888889,29.304347826087,29,28,31,4.53428195985524,4.61904543870654,4.80771184624636,3.64387568241215,"High","High",6.51392451083768,4.9776328815,305.705285688116,4.9776328815,166.720939850648,287.4314914,5.58312155572494,4.9776328815,0.969010080743074,0.973148837349764,1.24005351911903,7.75397802995671,15.5079560599134,0.0155079560599134,1.55079560599134e-05,0.190369648444017,TRUE
"Konza4","Bu","Smoke","CW/KOH",20240704,"10/22/2024","Lampman","5A.B","5A","B",TRUE,5,2,NA,0,"",5,90.6,45.3,"25RF","1","C",0.0453,0.25,1.75,126.4375,38.6313465783664,-3.09444824649315,939.14662872788,919.8626183237,2740.7872445669,234.294722222222,255.0475,379.085,830.020833333333,843.7125,1963.75,20.531045751634,20.5555555555556,21.1111111111111,18.8888888888889,29.304347826087,29,28,31,4.53428195985524,4.61904543870654,4.80771184624636,3.64387568241215,"High","High",6.51392451083768,4.9776328815,305.705285688116,4.9776328815,166.720939850648,287.4314914,5.58312155572494,4.9776328815,0.969010080743074,0.973148837349764,1.24005351911903,7.75397802995671,15.5079560599134,0.0155079560599134,1.55079560599134e-05,0.190369648444017,TRUE
"Konza4","Bu","Smoke","CW/KOH",20240704,"10/22/2024","Lampman","5A.B","5A","B",TRUE,6,8,NA,2,".125,.25",5,90.6,45.3,"25RF","1","C",0.0453,0.25,7.75,559.9375,171.081677704194,-3.09444824649315,939.14662872788,919.8626183237,2740.7872445669,234.294722222222,255.0475,379.085,830.020833333333,843.7125,1963.75,20.531045751634,20.5555555555556,21.1111111111111,18.8888888888889,29.304347826087,29,28,31,4.53428195985524,4.61904543870654,4.80771184624636,3.64387568241215,"High","High",6.51392451083768,4.9776328815,305.705285688116,4.9776328815,166.720939850648,287.4314914,5.58312155572494,4.9776328815,0.969010080743074,0.973148837349764,1.24005351911903,7.75397802995671,15.5079560599134,0.0155079560599134,1.55079560599134e-05,0.190369648444017,TRUE
"Konza4","Bu","Smoke","CW/KOH",20240704,"10/22/2024","Lampman","5A.B","5A","B",TRUE,7,2,NA,0,"",5,90.6,45.3,"25RF","1","C",0.0453,0.25,1.75,126.4375,38.6313465783664,-3.09444824649315,939.14662872788,919.8626183237,2740.7872445669,234.294722222222,255.0475,379.085,830.020833333333,843.7125,1963.75,20.531045751634,20.5555555555556,21.1111111111111,18.8888888888889,29.304347826087,29,28,31,4.53428195985524,4.61904543870654,4.80771184624636,3.64387568241215,"High","High",6.51392451083768,4.9776328815,305.705285688116,4.9776328815,166.720939850648,287.4314914,5.58312155572494,4.9776328815,0.969010080743074,0.973148837349764,1.24005351911903,7.75397802995671,15.5079560599134,0.0155079560599134,1.55079560599134e-05,0.190369648444017,TRUE
"Konza4","Bu","Smoke","CW/KOH",20240704,"10/22/2024","Lampman","5A.B","5A","B",TRUE,8,3,NA,0,"",5,90.6,45.3,"25RF","1","C",0.0453,0.25,2.75,198.6875,60.7064017660044,-3.09444824649315,939.14662872788,919.8626183237,2740.7872445669,234.294722222222,255.0475,379.085,830.020833333333,843.7125,1963.75,20.531045751634,20.5555555555556,21.1111111111111,18.8888888888889,29.304347826087,29,28,31,4.53428195985524,4.61904543870654,4.80771184624636,3.64387568241215,"High","High",6.51392451083768,4.9776328815,305.705285688116,4.9776328815,166.720939850648,287.4314914,5.58312155572494,4.9776328815,0.969010080743074,0.973148837349764,1.24005351911903,7.75397802995671,15.5079560599134,0.0155079560599134,1.55079560599134e-05,0.190369648444017,TRUE
"Konza4","Bu","Smoke","CW/KOH",20240704,"10/22/2024","Lampman","5A.B","5A","B",TRUE,9,3,NA,0,"",5,90.6,45.3,"25RF","1","C",0.0453,0.25,2.75,198.6875,60.7064017660044,-3.09444824649315,939.14662872788,919.8626183237,2740.7872445669,234.294722222222,255.0475,379.085,830.020833333333,843.7125,1963.75,20.531045751634,20.5555555555556,21.1111111111111,18.8888888888889,29.304347826087,29,28,31,4.53428195985524,4.61904543870654,4.80771184624636,3.64387568241215,"High","High",6.51392451083768,4.9776328815,305.705285688116,4.9776328815,166.720939850648,287.4314914,5.58312155572494,4.9776328815,0.969010080743074,0.973148837349764,1.24005351911903,7.75397802995671,15.5079560599134,0.0155079560599134,1.55079560599134e-05,0.190369648444017,TRUE
"Konza4","Bu","Smoke","CW/KOH",20240704,"10/22/2024","Lampman","5A.B","5A","B",TRUE,10,8,NA,0,"",5,90.6,45.3,"25RF","1","C",0.0453,0.25,7.75,559.9375,171.081677704194,-3.09444824649315,939.14662872788,919.8626183237,2740.7872445669,234.294722222222,255.0475,379.085,830.020833333333,843.7125,1963.75,20.531045751634,20.5555555555556,21.1111111111111,18.8888888888889,29.304347826087,29,28,31,4.53428195985524,4.61904543870654,4.80771184624636,3.64387568241215,"High","High",6.51392451083768,4.9776328815,305.705285688116,4.9776328815,166.720939850648,287.4314914,5.58312155572494,4.9776328815,0.969010080743074,0.973148837349764,1.24005351911903,7.75397802995671,15.5079560599134,0.0155079560599134,1.55079560599134e-05,0.190369648444017,TRUE
