SlideID,FOV,TotalSpores,Project,Sampler,SampleType,StainType,StainDate,DateCounted,Who,Magn.,Photos,Notes.x,SampleID,LB_Batch,DATE_UTC,DateTime_MDT,DateTime_UTC,Day,Platform,FilterType,FlowRate,Volume_L,SamplingDuration_dmin,SampleStart_UTC,SampleEnd_UTC,Notes.y,SampleID_short,RepVolume_L,RepVolume_m3,TotalSpores_LB
LabBlank2A_B_20241210,1,0,FASMEE23,Blank,LabBlank,CW/KOH,20241210,20250506,LL,1000x,n/a,,LabBlank2A_B_20241210,F23_E,NA,NA,NA,NA,NA,NA,NA,0,NA,NA,NA,NA,NA,0,0,0
LabBlank2A_B_20241210,2,0,FASMEE23,Blank,LabBlank,CW/KOH,20241210,20250506,LL,1000x,n/a,,LabBlank2A_B_20241210,F23_E,NA,NA,NA,NA,NA,NA,NA,0,NA,NA,NA,NA,NA,0,0,0
LabBlank2A_B_20241210,3,0,FASMEE23,Blank,LabBlank,CW/KOH,20241210,20250506,LL,1000x,n/a,,LabBlank2A_B_20241210,F23_E,NA,NA,NA,NA,NA,NA,NA,0,NA,NA,NA,NA,NA,0,0,0
LabBlank2A_B_20241210,4,0,FASMEE23,Blank,LabBlank,CW/KOH,20241210,20250506,LL,1000x,n/a,,LabBlank2A_B_20241210,F23_E,NA,NA,NA,NA,NA,NA,NA,0,NA,NA,NA,NA,NA,0,0,0
LabBlank2A_B_20241210,5,0,FASMEE23,Blank,LabBlank,CW/KOH,20241210,20250506,LL,1000x,n/a,,LabBlank2A_B_20241210,F23_E,NA,NA,NA,NA,NA,NA,NA,0,NA,NA,NA,NA,NA,0,0,0
LabBlank2A_B_20241210,6,0,FASMEE23,Blank,LabBlank,CW/KOH,20241210,20250506,LL,1000x,n/a,,LabBlank2A_B_20241210,F23_E,NA,NA,NA,NA,NA,NA,NA,0,NA,NA,NA,NA,NA,0,0,0
LabBlank2A_B_20241210,7,0,FASMEE23,Blank,LabBlank,CW/KOH,20241210,20250506,LL,1000x,n/a,,LabBlank2A_B_20241210,F23_E,NA,NA,NA,NA,NA,NA,NA,0,NA,NA,NA,NA,NA,0,0,0
LabBlank2A_B_20241210,8,0,FASMEE23,Blank,LabBlank,CW/KOH,20241210,20250506,LL,1000x,n/a,,LabBlank2A_B_20241210,F23_E,NA,NA,NA,NA,NA,NA,NA,0,NA,NA,NA,NA,NA,0,0,0
LabBlank2A_B_20241210,9,0,FASMEE23,Blank,LabBlank,CW/KOH,20241210,20250506,LL,1000x,n/a,,LabBlank2A_B_20241210,F23_E,NA,NA,NA,NA,NA,NA,NA,0,NA,NA,NA,NA,NA,0,0,0
LabBlank2A_B_20241210,10,0,FASMEE23,Blank,LabBlank,CW/KOH,20241210,20250506,LL,1000x,n/a,,LabBlank2A_B_20241210,F23_E,NA,NA,NA,NA,NA,NA,NA,0,NA,NA,NA,NA,NA,0,0,0
LabBlank2A_B_20241210,11,0,FASMEE23,Blank,LabBlank,CW/KOH,20241210,20250506,LL,1000x,n/a,,LabBlank2A_B_20241210,F23_E,NA,NA,NA,NA,NA,NA,NA,0,NA,NA,NA,NA,NA,0,0,0
LabBlank2A_B_20241210,12,0,FASMEE23,Blank,LabBlank,CW/KOH,20241210,20250506,LL,1000x,n/a,,LabBlank2A_B_20241210,F23_E,NA,NA,NA,NA,NA,NA,NA,0,NA,NA,NA,NA,NA,0,0,0
LabBlank2A_B_20241210,13,0,FASMEE23,Blank,LabBlank,CW/KOH,20241210,20250506,LL,1000x,n/a,,LabBlank2A_B_20241210,F23_E,NA,NA,NA,NA,NA,NA,NA,0,NA,NA,NA,NA,NA,0,0,0
LabBlank2A_B_20241210,14,0,FASMEE23,Blank,LabBlank,CW/KOH,20241210,20250506,LL,1000x,n/a,,LabBlank2A_B_20241210,F23_E,NA,NA,NA,NA,NA,NA,NA,0,NA,NA,NA,NA,NA,0,0,0
LabBlank2A_B_20241210,15,0,FASMEE23,Blank,LabBlank,CW/KOH,20241210,20250506,LL,1000x,n/a,,LabBlank2A_B_20241210,F23_E,NA,NA,NA,NA,NA,NA,NA,0,NA,NA,NA,NA,NA,0,0,0
LabBlank2A_B_20241210,16,0,FASMEE23,Blank,LabBlank,CW/KOH,20241210,20250506,LL,1000x,n/a,,LabBlank2A_B_20241210,F23_E,NA,NA,NA,NA,NA,NA,NA,0,NA,NA,NA,NA,NA,0,0,0
LabBlank2A_B_20241210,17,0,FASMEE23,Blank,LabBlank,CW/KOH,20241210,20250506,LL,1000x,n/a,,LabBlank2A_B_20241210,F23_E,NA,NA,NA,NA,NA,NA,NA,0,NA,NA,NA,NA,NA,0,0,0
LabBlank2A_B_20241210,18,0,FASMEE23,Blank,LabBlank,CW/KOH,20241210,20250506,LL,1000x,n/a,,LabBlank2A_B_20241210,F23_E,NA,NA,NA,NA,NA,NA,NA,0,NA,NA,NA,NA,NA,0,0,0
LabBlank2A_B_20241210,19,0,FASMEE23,Blank,LabBlank,CW/KOH,20241210,20250506,LL,1000x,n/a,,LabBlank2A_B_20241210,F23_E,NA,NA,NA,NA,NA,NA,NA,0,NA,NA,NA,NA,NA,0,0,0
LabBlank2A_B_20241210,20,0,FASMEE23,Blank,LabBlank,CW/KOH,20241210,20250506,LL,1000x,n/a,,LabBlank2A_B_20241210,F23_E,NA,NA,NA,NA,NA,NA,NA,0,NA,NA,NA,NA,NA,0,0,0
LabBlank2A_B_20241210,21,0,FASMEE23,Blank,LabBlank,CW/KOH,20241210,20250506,LL,1000x,n/a,,LabBlank2A_B_20241210,F23_E,NA,NA,NA,NA,NA,NA,NA,0,NA,NA,NA,NA,NA,0,0,0
LabBlank2A_B_20241210,22,0,FASMEE23,Blank,LabBlank,CW/KOH,20241210,20250506,LL,1000x,n/a,,LabBlank2A_B_20241210,F23_E,NA,NA,NA,NA,NA,NA,NA,0,NA,NA,NA,NA,NA,0,0,0
LabBlank2A_B_20241210,23,0,FASMEE23,Blank,LabBlank,CW/KOH,20241210,20250506,LL,1000x,n/a,,LabBlank2A_B_20241210,F23_E,NA,NA,NA,NA,NA,NA,NA,0,NA,NA,NA,NA,NA,0,0,0
LabBlank2A_B_20241210,24,0,FASMEE23,Blank,LabBlank,CW/KOH,20241210,20250506,LL,1000x,n/a,,LabBlank2A_B_20241210,F23_E,NA,NA,NA,NA,NA,NA,NA,0,NA,NA,NA,NA,NA,0,0,0
LabBlank2A_B_20241210,25,0,FASMEE23,Blank,LabBlank,CW/KOH,20241210,20250506,LL,1000x,n/a,,LabBlank2A_B_20241210,F23_E,NA,NA,NA,NA,NA,NA,NA,0,NA,NA,NA,NA,NA,0,0,0
LabBlank2A_B_20241210,26,0,FASMEE23,Blank,LabBlank,CW/KOH,20241210,20250506,LL,1000x,n/a,,LabBlank2A_B_20241210,F23_E,NA,NA,NA,NA,NA,NA,NA,0,NA,NA,NA,NA,NA,0,0,0
LabBlank2A_B_20241210,27,0,FASMEE23,Blank,LabBlank,CW/KOH,20241210,20250506,LL,1000x,n/a,,LabBlank2A_B_20241210,F23_E,NA,NA,NA,NA,NA,NA,NA,0,NA,NA,NA,NA,NA,0,0,0
LabBlank2A_B_20241210,28,0,FASMEE23,Blank,LabBlank,CW/KOH,20241210,20250506,LL,1000x,n/a,,LabBlank2A_B_20241210,F23_E,NA,NA,NA,NA,NA,NA,NA,0,NA,NA,NA,NA,NA,0,0,0
LabBlank2A_B_20241210,29,0,FASMEE23,Blank,LabBlank,CW/KOH,20241210,20250506,LL,1000x,n/a,,LabBlank2A_B_20241210,F23_E,NA,NA,NA,NA,NA,NA,NA,0,NA,NA,NA,NA,NA,0,0,0
LabBlank2A_B_20241210,30,0,FASMEE23,Blank,LabBlank,CW/KOH,20241210,20250506,LL,1000x,n/a,,LabBlank2A_B_20241210,F23_E,NA,NA,NA,NA,NA,NA,NA,0,NA,NA,NA,NA,NA,0,0,0
LabBlank2A_B_20241210,31,0,FASMEE23,Blank,LabBlank,CW/KOH,20241210,20250506,LL,1000x,n/a,,LabBlank2A_B_20241210,F23_E,NA,NA,NA,NA,NA,NA,NA,0,NA,NA,NA,NA,NA,0,0,0
LabBlank2A_B_20241210,32,0,FASMEE23,Blank,LabBlank,CW/KOH,20241210,20250506,LL,1000x,n/a,,LabBlank2A_B_20241210,F23_E,NA,NA,NA,NA,NA,NA,NA,0,NA,NA,NA,NA,NA,0,0,0
LabBlank2A_B_20241210,33,0,FASMEE23,Blank,LabBlank,CW/KOH,20241210,20250506,LL,1000x,n/a,,LabBlank2A_B_20241210,F23_E,NA,NA,NA,NA,NA,NA,NA,0,NA,NA,NA,NA,NA,0,0,0
LabBlank2A_B_20241210,34,0,FASMEE23,Blank,LabBlank,CW/KOH,20241210,20250506,LL,1000x,n/a,,LabBlank2A_B_20241210,F23_E,NA,NA,NA,NA,NA,NA,NA,0,NA,NA,NA,NA,NA,0,0,0
LabBlank2A_B_20241210,35,0,FASMEE23,Blank,LabBlank,CW/KOH,20241210,20250506,LL,1000x,n/a,,LabBlank2A_B_20241210,F23_E,NA,NA,NA,NA,NA,NA,NA,0,NA,NA,NA,NA,NA,0,0,0
LabBlank2A_B_20241210,36,0,FASMEE23,Blank,LabBlank,CW/KOH,20241210,20250506,LL,1000x,n/a,,LabBlank2A_B_20241210,F23_E,NA,NA,NA,NA,NA,NA,NA,0,NA,NA,NA,NA,NA,0,0,0
LabBlank2A_B_20241210,37,0,FASMEE23,Blank,LabBlank,CW/KOH,20241210,20250506,LL,1000x,n/a,,LabBlank2A_B_20241210,F23_E,NA,NA,NA,NA,NA,NA,NA,0,NA,NA,NA,NA,NA,0,0,0
LabBlank2A_B_20241210,38,0,FASMEE23,Blank,LabBlank,CW/KOH,20241210,20250506,LL,1000x,n/a,,LabBlank2A_B_20241210,F23_E,NA,NA,NA,NA,NA,NA,NA,0,NA,NA,NA,NA,NA,0,0,0
LabBlank2A_B_20241210,39,0,FASMEE23,Blank,LabBlank,CW/KOH,20241210,20250506,LL,1000x,n/a,,LabBlank2A_B_20241210,F23_E,NA,NA,NA,NA,NA,NA,NA,0,NA,NA,NA,NA,NA,0,0,0
LabBlank2A_B_20241210,40,0,FASMEE23,Blank,LabBlank,CW/KOH,20241210,20250506,LL,1000x,n/a,,LabBlank2A_B_20241210,F23_E,NA,NA,NA,NA,NA,NA,NA,0,NA,NA,NA,NA,NA,0,0,0
FieldBlank1B_B,1,0,FASMEE23,Blank,FieldBlank,CW/KOH,20241119,20250502,LL,1000x,n/a,,FieldBlank1B,F23_C,NA,NA,NA,NA,NA,NA,NA,0,NA,NA,NA,NA,NA,0,0,0.15000000000000005
FieldBlank1B_B,2,0,FASMEE23,Blank,FieldBlank,CW/KOH,20241119,20250502,LL,1000x,n/a,,FieldBlank1B,F23_C,NA,NA,NA,NA,NA,NA,NA,0,NA,NA,NA,NA,NA,0,0,0.15000000000000005
FieldBlank1B_B,3,0,FASMEE23,Blank,FieldBlank,CW/KOH,20241119,20250502,LL,1000x,n/a,,FieldBlank1B,F23_C,NA,NA,NA,NA,NA,NA,NA,0,NA,NA,NA,NA,NA,0,0,0.15000000000000005
FieldBlank1B_B,4,0,FASMEE23,Blank,FieldBlank,CW/KOH,20241119,20250502,LL,1000x,n/a,,FieldBlank1B,F23_C,NA,NA,NA,NA,NA,NA,NA,0,NA,NA,NA,NA,NA,0,0,0.15000000000000005
FieldBlank1B_B,5,0,FASMEE23,Blank,FieldBlank,CW/KOH,20241119,20250502,LL,1000x,n/a,,FieldBlank1B,F23_C,NA,NA,NA,NA,NA,NA,NA,0,NA,NA,NA,NA,NA,0,0,0.15000000000000005
FieldBlank1B_B,6,0,FASMEE23,Blank,FieldBlank,CW/KOH,20241119,20250502,LL,1000x,n/a,,FieldBlank1B,F23_C,NA,NA,NA,NA,NA,NA,NA,0,NA,NA,NA,NA,NA,0,0,0.15000000000000005
FieldBlank1B_B,7,1,FASMEE23,Blank,FieldBlank,CW/KOH,20241119,20250502,LL,1000x,n/a,,FieldBlank1B,F23_C,NA,NA,NA,NA,NA,NA,NA,0,NA,NA,NA,NA,NA,0,0,0.15000000000000005
FieldBlank1B_B,8,0,FASMEE23,Blank,FieldBlank,CW/KOH,20241119,20250502,LL,1000x,n/a,,FieldBlank1B,F23_C,NA,NA,NA,NA,NA,NA,NA,0,NA,NA,NA,NA,NA,0,0,0.15000000000000005
FieldBlank1B_B,9,0,FASMEE23,Blank,FieldBlank,CW/KOH,20241119,20250502,LL,1000x,n/a,,FieldBlank1B,F23_C,NA,NA,NA,NA,NA,NA,NA,0,NA,NA,NA,NA,NA,0,0,0.15000000000000005
FieldBlank1B_B,10,0,FASMEE23,Blank,FieldBlank,CW/KOH,20241119,20250502,LL,1000x,n/a,,FieldBlank1B,F23_C,NA,NA,NA,NA,NA,NA,NA,0,NA,NA,NA,NA,NA,0,0,0.15000000000000005
FieldBlank1B_B,11,0,FASMEE23,Blank,FieldBlank,CW/KOH,20241119,20250502,LL,1000x,n/a,,FieldBlank1B,F23_C,NA,NA,NA,NA,NA,NA,NA,0,NA,NA,NA,NA,NA,0,0,0.15000000000000005
FieldBlank1B_B,12,0,FASMEE23,Blank,FieldBlank,CW/KOH,20241119,20250502,LL,1000x,n/a,,FieldBlank1B,F23_C,NA,NA,NA,NA,NA,NA,NA,0,NA,NA,NA,NA,NA,0,0,0.15000000000000005
FieldBlank1B_B,13,0,FASMEE23,Blank,FieldBlank,CW/KOH,20241119,20250502,LL,1000x,n/a,,FieldBlank1B,F23_C,NA,NA,NA,NA,NA,NA,NA,0,NA,NA,NA,NA,NA,0,0,0.15000000000000005
FieldBlank1B_B,14,0,FASMEE23,Blank,FieldBlank,CW/KOH,20241119,20250502,LL,1000x,n/a,,FieldBlank1B,F23_C,NA,NA,NA,NA,NA,NA,NA,0,NA,NA,NA,NA,NA,0,0,0.15000000000000005
FieldBlank1B_B,15,0,FASMEE23,Blank,FieldBlank,CW/KOH,20241119,20250502,LL,1000x,n/a,,FieldBlank1B,F23_C,NA,NA,NA,NA,NA,NA,NA,0,NA,NA,NA,NA,NA,0,0,0.15000000000000005
FieldBlank1B_B,16,1,FASMEE23,Blank,FieldBlank,CW/KOH,20241119,20250502,LL,1000x,n/a,,FieldBlank1B,F23_C,NA,NA,NA,NA,NA,NA,NA,0,NA,NA,NA,NA,NA,0,0,0.15000000000000005
FieldBlank1B_B,17,0,FASMEE23,Blank,FieldBlank,CW/KOH,20241119,20250502,LL,1000x,n/a,,FieldBlank1B,F23_C,NA,NA,NA,NA,NA,NA,NA,0,NA,NA,NA,NA,NA,0,0,0.15000000000000005
FieldBlank1B_B,18,0,FASMEE23,Blank,FieldBlank,CW/KOH,20241119,20250502,LL,1000x,n/a,,FieldBlank1B,F23_C,NA,NA,NA,NA,NA,NA,NA,0,NA,NA,NA,NA,NA,0,0,0.15000000000000005
FieldBlank1B_B,19,1,FASMEE23,Blank,FieldBlank,CW/KOH,20241119,20250502,LL,1000x,n/a,,FieldBlank1B,F23_C,NA,NA,NA,NA,NA,NA,NA,0,NA,NA,NA,NA,NA,0,0,0.15000000000000005
FieldBlank1B_B,20,0,FASMEE23,Blank,FieldBlank,CW/KOH,20241119,20250502,LL,1000x,n/a,,FieldBlank1B,F23_C,NA,NA,NA,NA,NA,NA,NA,0,NA,NA,NA,NA,NA,0,0,0.15000000000000005
FieldBlank1B_B,21,0,FASMEE23,Blank,FieldBlank,CW/KOH,20241119,20250502,LL,1000x,n/a,,FieldBlank1B,F23_C,NA,NA,NA,NA,NA,NA,NA,0,NA,NA,NA,NA,NA,0,0,0.15000000000000005
FieldBlank1B_B,22,0,FASMEE23,Blank,FieldBlank,CW/KOH,20241119,20250502,LL,1000x,n/a,,FieldBlank1B,F23_C,NA,NA,NA,NA,NA,NA,NA,0,NA,NA,NA,NA,NA,0,0,0.15000000000000005
FieldBlank1B_B,23,1,FASMEE23,Blank,FieldBlank,CW/KOH,20241119,20250502,LL,1000x,n/a,,FieldBlank1B,F23_C,NA,NA,NA,NA,NA,NA,NA,0,NA,NA,NA,NA,NA,0,0,0.15000000000000005
FieldBlank1B_B,24,0,FASMEE23,Blank,FieldBlank,CW/KOH,20241119,20250502,LL,1000x,n/a,,FieldBlank1B,F23_C,NA,NA,NA,NA,NA,NA,NA,0,NA,NA,NA,NA,NA,0,0,0.15000000000000005
FieldBlank1B_B,25,0,FASMEE23,Blank,FieldBlank,CW/KOH,20241119,20250502,LL,1000x,n/a,,FieldBlank1B,F23_C,NA,NA,NA,NA,NA,NA,NA,0,NA,NA,NA,NA,NA,0,0,0.15000000000000005
FieldBlank1B_B,26,0,FASMEE23,Blank,FieldBlank,CW/KOH,20241119,20250502,LL,1000x,n/a,,FieldBlank1B,F23_C,NA,NA,NA,NA,NA,NA,NA,0,NA,NA,NA,NA,NA,0,0,0.15000000000000005
FieldBlank1B_B,27,0,FASMEE23,Blank,FieldBlank,CW/KOH,20241119,20250502,LL,1000x,n/a,,FieldBlank1B,F23_C,NA,NA,NA,NA,NA,NA,NA,0,NA,NA,NA,NA,NA,0,0,0.15000000000000005
FieldBlank1B_B,28,0,FASMEE23,Blank,FieldBlank,CW/KOH,20241119,20250502,LL,1000x,n/a,,FieldBlank1B,F23_C,NA,NA,NA,NA,NA,NA,NA,0,NA,NA,NA,NA,NA,0,0,0.15000000000000005
FieldBlank1B_B,29,0,FASMEE23,Blank,FieldBlank,CW/KOH,20241119,20250502,LL,1000x,n/a,,FieldBlank1B,F23_C,NA,NA,NA,NA,NA,NA,NA,0,NA,NA,NA,NA,NA,0,0,0.15000000000000005
FieldBlank1B_B,30,0,FASMEE23,Blank,FieldBlank,CW/KOH,20241119,20250502,LL,1000x,n/a,,FieldBlank1B,F23_C,NA,NA,NA,NA,NA,NA,NA,0,NA,NA,NA,NA,NA,0,0,0.15000000000000005
FieldBlank1B_B,31,0,FASMEE23,Blank,FieldBlank,CW/KOH,20241119,20250502,LL,1000x,n/a,,FieldBlank1B,F23_C,NA,NA,NA,NA,NA,NA,NA,0,NA,NA,NA,NA,NA,0,0,0.15000000000000005
FieldBlank1B_B,32,0,FASMEE23,Blank,FieldBlank,CW/KOH,20241119,20250502,LL,1000x,n/a,,FieldBlank1B,F23_C,NA,NA,NA,NA,NA,NA,NA,0,NA,NA,NA,NA,NA,0,0,0.15000000000000005
FieldBlank1B_B,33,0,FASMEE23,Blank,FieldBlank,CW/KOH,20241119,20250502,LL,1000x,n/a,,FieldBlank1B,F23_C,NA,NA,NA,NA,NA,NA,NA,0,NA,NA,NA,NA,NA,0,0,0.15000000000000005
FieldBlank1B_B,34,0,FASMEE23,Blank,FieldBlank,CW/KOH,20241119,20250502,LL,1000x,n/a,,FieldBlank1B,F23_C,NA,NA,NA,NA,NA,NA,NA,0,NA,NA,NA,NA,NA,0,0,0.15000000000000005
FieldBlank1B_B,35,0,FASMEE23,Blank,FieldBlank,CW/KOH,20241119,20250502,LL,1000x,n/a,,FieldBlank1B,F23_C,NA,NA,NA,NA,NA,NA,NA,0,NA,NA,NA,NA,NA,0,0,0.15000000000000005
FieldBlank1B_B,36,0,FASMEE23,Blank,FieldBlank,CW/KOH,20241119,20250502,LL,1000x,n/a,,FieldBlank1B,F23_C,NA,NA,NA,NA,NA,NA,NA,0,NA,NA,NA,NA,NA,0,0,0.15000000000000005
FieldBlank1B_B,37,0,FASMEE23,Blank,FieldBlank,CW/KOH,20241119,20250502,LL,1000x,n/a,,FieldBlank1B,F23_C,NA,NA,NA,NA,NA,NA,NA,0,NA,NA,NA,NA,NA,0,0,0.15000000000000005
FieldBlank1B_B,38,0,FASMEE23,Blank,FieldBlank,CW/KOH,20241119,20250502,LL,1000x,n/a,,FieldBlank1B,F23_C,NA,NA,NA,NA,NA,NA,NA,0,NA,NA,NA,NA,NA,0,0,0.15000000000000005
FieldBlank1B_B,39,0,FASMEE23,Blank,FieldBlank,CW/KOH,20241119,20250502,LL,1000x,n/a,,FieldBlank1B,F23_C,NA,NA,NA,NA,NA,NA,NA,0,NA,NA,NA,NA,NA,0,0,0.15000000000000005
FieldBlank1B_B,40,0,FASMEE23,Blank,FieldBlank,CW/KOH,20241119,20250502,LL,1000x,n/a,,FieldBlank1B,F23_C,NA,NA,NA,NA,NA,NA,NA,0,NA,NA,NA,NA,NA,0,0,0.15000000000000005
LabBlank_B_20250205,1,0,FASMEE23,Blank,LabBlank,CW/KOH,20250205,20250502,LL,1000x,n/a,,LabBlank_B_20250205,F23_F,NA,NA,NA,NA,NA,NA,NA,0,NA,NA,NA,NA,NA,0,0,0.1
LabBlank_B_20250205,2,0,FASMEE23,Blank,LabBlank,CW/KOH,20250205,20250502,LL,1000x,n/a,,LabBlank_B_20250205,F23_F,NA,NA,NA,NA,NA,NA,NA,0,NA,NA,NA,NA,NA,0,0,0.1
LabBlank_B_20250205,3,2,FASMEE23,Blank,LabBlank,CW/KOH,20250205,20250502,LL,1000x,n/a,,LabBlank_B_20250205,F23_F,NA,NA,NA,NA,NA,NA,NA,0,NA,NA,NA,NA,NA,0,0,0.1
LabBlank_B_20250205,4,0,FASMEE23,Blank,LabBlank,CW/KOH,20250205,20250502,LL,1000x,n/a,,LabBlank_B_20250205,F23_F,NA,NA,NA,NA,NA,NA,NA,0,NA,NA,NA,NA,NA,0,0,0.1
LabBlank_B_20250205,5,0,FASMEE23,Blank,LabBlank,CW/KOH,20250205,20250502,LL,1000x,n/a,,LabBlank_B_20250205,F23_F,NA,NA,NA,NA,NA,NA,NA,0,NA,NA,NA,NA,NA,0,0,0.1
LabBlank_B_20250205,6,0,FASMEE23,Blank,LabBlank,CW/KOH,20250205,20250502,LL,1000x,n/a,,LabBlank_B_20250205,F23_F,NA,NA,NA,NA,NA,NA,NA,0,NA,NA,NA,NA,NA,0,0,0.1
LabBlank_B_20250205,7,0,FASMEE23,Blank,LabBlank,CW/KOH,20250205,20250502,LL,1000x,n/a,,LabBlank_B_20250205,F23_F,NA,NA,NA,NA,NA,NA,NA,0,NA,NA,NA,NA,NA,0,0,0.1
LabBlank_B_20250205,8,0,FASMEE23,Blank,LabBlank,CW/KOH,20250205,20250502,LL,1000x,n/a,,LabBlank_B_20250205,F23_F,NA,NA,NA,NA,NA,NA,NA,0,NA,NA,NA,NA,NA,0,0,0.1
LabBlank_B_20250205,9,0,FASMEE23,Blank,LabBlank,CW/KOH,20250205,20250502,LL,1000x,n/a,,LabBlank_B_20250205,F23_F,NA,NA,NA,NA,NA,NA,NA,0,NA,NA,NA,NA,NA,0,0,0.1
LabBlank_B_20250205,10,0,FASMEE23,Blank,LabBlank,CW/KOH,20250205,20250502,LL,1000x,n/a,,LabBlank_B_20250205,F23_F,NA,NA,NA,NA,NA,NA,NA,0,NA,NA,NA,NA,NA,0,0,0.1
LabBlank_B_20250205,11,0,FASMEE23,Blank,LabBlank,CW/KOH,20250205,20250502,LL,1000x,n/a,,LabBlank_B_20250205,F23_F,NA,NA,NA,NA,NA,NA,NA,0,NA,NA,NA,NA,NA,0,0,0.1
LabBlank_B_20250205,12,0,FASMEE23,Blank,LabBlank,CW/KOH,20250205,20250502,LL,1000x,n/a,,LabBlank_B_20250205,F23_F,NA,NA,NA,NA,NA,NA,NA,0,NA,NA,NA,NA,NA,0,0,0.1
LabBlank_B_20250205,13,0,FASMEE23,Blank,LabBlank,CW/KOH,20250205,20250502,LL,1000x,n/a,,LabBlank_B_20250205,F23_F,NA,NA,NA,NA,NA,NA,NA,0,NA,NA,NA,NA,NA,0,0,0.1
LabBlank_B_20250205,14,0,FASMEE23,Blank,LabBlank,CW/KOH,20250205,20250502,LL,1000x,n/a,,LabBlank_B_20250205,F23_F,NA,NA,NA,NA,NA,NA,NA,0,NA,NA,NA,NA,NA,0,0,0.1
LabBlank_B_20250205,15,0,FASMEE23,Blank,LabBlank,CW/KOH,20250205,20250502,LL,1000x,n/a,,LabBlank_B_20250205,F23_F,NA,NA,NA,NA,NA,NA,NA,0,NA,NA,NA,NA,NA,0,0,0.1
LabBlank_B_20250205,16,0,FASMEE23,Blank,LabBlank,CW/KOH,20250205,20250502,LL,1000x,n/a,,LabBlank_B_20250205,F23_F,NA,NA,NA,NA,NA,NA,NA,0,NA,NA,NA,NA,NA,0,0,0.1
LabBlank_B_20250205,17,0,FASMEE23,Blank,LabBlank,CW/KOH,20250205,20250502,LL,1000x,n/a,,LabBlank_B_20250205,F23_F,NA,NA,NA,NA,NA,NA,NA,0,NA,NA,NA,NA,NA,0,0,0.1
LabBlank_B_20250205,18,0,FASMEE23,Blank,LabBlank,CW/KOH,20250205,20250502,LL,1000x,n/a,,LabBlank_B_20250205,F23_F,NA,NA,NA,NA,NA,NA,NA,0,NA,NA,NA,NA,NA,0,0,0.1
LabBlank_B_20250205,19,0,FASMEE23,Blank,LabBlank,CW/KOH,20250205,20250502,LL,1000x,n/a,,LabBlank_B_20250205,F23_F,NA,NA,NA,NA,NA,NA,NA,0,NA,NA,NA,NA,NA,0,0,0.1
LabBlank_B_20250205,20,0,FASMEE23,Blank,LabBlank,CW/KOH,20250205,20250502,LL,1000x,n/a,,LabBlank_B_20250205,F23_F,NA,NA,NA,NA,NA,NA,NA,0,NA,NA,NA,NA,NA,0,0,0.1
LabBlank_B_20250205,21,0,FASMEE23,Blank,LabBlank,CW/KOH,20250205,20250502,LL,1000x,n/a,,LabBlank_B_20250205,F23_F,NA,NA,NA,NA,NA,NA,NA,0,NA,NA,NA,NA,NA,0,0,0.1
LabBlank_B_20250205,22,0,FASMEE23,Blank,LabBlank,CW/KOH,20250205,20250502,LL,1000x,n/a,,LabBlank_B_20250205,F23_F,NA,NA,NA,NA,NA,NA,NA,0,NA,NA,NA,NA,NA,0,0,0.1
LabBlank_B_20250205,23,1,FASMEE23,Blank,LabBlank,CW/KOH,20250205,20250502,LL,1000x,n/a,,LabBlank_B_20250205,F23_F,NA,NA,NA,NA,NA,NA,NA,0,NA,NA,NA,NA,NA,0,0,0.1
LabBlank_B_20250205,24,0,FASMEE23,Blank,LabBlank,CW/KOH,20250205,20250502,LL,1000x,n/a,,LabBlank_B_20250205,F23_F,NA,NA,NA,NA,NA,NA,NA,0,NA,NA,NA,NA,NA,0,0,0.1
LabBlank_B_20250205,25,0,FASMEE23,Blank,LabBlank,CW/KOH,20250205,20250502,LL,1000x,n/a,,LabBlank_B_20250205,F23_F,NA,NA,NA,NA,NA,NA,NA,0,NA,NA,NA,NA,NA,0,0,0.1
LabBlank_B_20250205,26,0,FASMEE23,Blank,LabBlank,CW/KOH,20250205,20250502,LL,1000x,n/a,,LabBlank_B_20250205,F23_F,NA,NA,NA,NA,NA,NA,NA,0,NA,NA,NA,NA,NA,0,0,0.1
LabBlank_B_20250205,27,0,FASMEE23,Blank,LabBlank,CW/KOH,20250205,20250502,LL,1000x,n/a,,LabBlank_B_20250205,F23_F,NA,NA,NA,NA,NA,NA,NA,0,NA,NA,NA,NA,NA,0,0,0.1
LabBlank_B_20250205,28,0,FASMEE23,Blank,LabBlank,CW/KOH,20250205,20250502,LL,1000x,n/a,,LabBlank_B_20250205,F23_F,NA,NA,NA,NA,NA,NA,NA,0,NA,NA,NA,NA,NA,0,0,0.1
LabBlank_B_20250205,29,1,FASMEE23,Blank,LabBlank,CW/KOH,20250205,20250502,LL,1000x,n/a,,LabBlank_B_20250205,F23_F,NA,NA,NA,NA,NA,NA,NA,0,NA,NA,NA,NA,NA,0,0,0.1
LabBlank_B_20250205,30,0,FASMEE23,Blank,LabBlank,CW/KOH,20250205,20250502,LL,1000x,n/a,,LabBlank_B_20250205,F23_F,NA,NA,NA,NA,NA,NA,NA,0,NA,NA,NA,NA,NA,0,0,0.1
LabBlank_B_20250205,31,0,FASMEE23,Blank,LabBlank,CW/KOH,20250205,20250502,LL,1000x,n/a,,LabBlank_B_20250205,F23_F,NA,NA,NA,NA,NA,NA,NA,0,NA,NA,NA,NA,NA,0,0,0.1
LabBlank_B_20250205,32,0,FASMEE23,Blank,LabBlank,CW/KOH,20250205,20250502,LL,1000x,n/a,,LabBlank_B_20250205,F23_F,NA,NA,NA,NA,NA,NA,NA,0,NA,NA,NA,NA,NA,0,0,0.1
LabBlank_B_20250205,33,0,FASMEE23,Blank,LabBlank,CW/KOH,20250205,20250502,LL,1000x,n/a,,LabBlank_B_20250205,F23_F,NA,NA,NA,NA,NA,NA,NA,0,NA,NA,NA,NA,NA,0,0,0.1
LabBlank_B_20250205,34,0,FASMEE23,Blank,LabBlank,CW/KOH,20250205,20250502,LL,1000x,n/a,,LabBlank_B_20250205,F23_F,NA,NA,NA,NA,NA,NA,NA,0,NA,NA,NA,NA,NA,0,0,0.1
LabBlank_B_20250205,35,0,FASMEE23,Blank,LabBlank,CW/KOH,20250205,20250502,LL,1000x,n/a,,LabBlank_B_20250205,F23_F,NA,NA,NA,NA,NA,NA,NA,0,NA,NA,NA,NA,NA,0,0,0.1
LabBlank_B_20250205,36,0,FASMEE23,Blank,LabBlank,CW/KOH,20250205,20250502,LL,1000x,n/a,,LabBlank_B_20250205,F23_F,NA,NA,NA,NA,NA,NA,NA,0,NA,NA,NA,NA,NA,0,0,0.1
LabBlank_B_20250205,37,0,FASMEE23,Blank,LabBlank,CW/KOH,20250205,20250502,LL,1000x,n/a,,LabBlank_B_20250205,F23_F,NA,NA,NA,NA,NA,NA,NA,0,NA,NA,NA,NA,NA,0,0,0.1
LabBlank_B_20250205,38,0,FASMEE23,Blank,LabBlank,CW/KOH,20250205,20250502,LL,1000x,n/a,,LabBlank_B_20250205,F23_F,NA,NA,NA,NA,NA,NA,NA,0,NA,NA,NA,NA,NA,0,0,0.1
LabBlank_B_20250205,39,0,FASMEE23,Blank,LabBlank,CW/KOH,20250205,20250502,LL,1000x,n/a,,LabBlank_B_20250205,F23_F,NA,NA,NA,NA,NA,NA,NA,0,NA,NA,NA,NA,NA,0,0,0.1
LabBlank_B_20250205,40,0,FASMEE23,Blank,LabBlank,CW/KOH,20250205,20250502,LL,1000x,n/a,,LabBlank_B_20250205,F23_F,NA,NA,NA,NA,NA,NA,NA,0,NA,NA,NA,NA,NA,0,0,0.1
LabBlank_C_20240503,1,0,FASMEE23,Blank,LabBlank,CW/KOH,20240503,20250506,LL,1000x,n/a,,LabBlank_C_20240503,F23_A,NA,NA,NA,NA,NA,NA,NA,0,NA,NA,NA,NA,NA,0,0,0.2
LabBlank_C_20240503,2,0,FASMEE23,Blank,LabBlank,CW/KOH,20240503,20250506,LL,1000x,n/a,,LabBlank_C_20240503,F23_A,NA,NA,NA,NA,NA,NA,NA,0,NA,NA,NA,NA,NA,0,0,0.2
LabBlank_C_20240503,3,0,FASMEE23,Blank,LabBlank,CW/KOH,20240503,20250506,LL,1000x,n/a,,LabBlank_C_20240503,F23_A,NA,NA,NA,NA,NA,NA,NA,0,NA,NA,NA,NA,NA,0,0,0.2
LabBlank_C_20240503,4,0,FASMEE23,Blank,LabBlank,CW/KOH,20240503,20250506,LL,1000x,n/a,,LabBlank_C_20240503,F23_A,NA,NA,NA,NA,NA,NA,NA,0,NA,NA,NA,NA,NA,0,0,0.2
LabBlank_C_20240503,5,0,FASMEE23,Blank,LabBlank,CW/KOH,20240503,20250506,LL,1000x,n/a,,LabBlank_C_20240503,F23_A,NA,NA,NA,NA,NA,NA,NA,0,NA,NA,NA,NA,NA,0,0,0.2
LabBlank_C_20240503,6,0,FASMEE23,Blank,LabBlank,CW/KOH,20240503,20250506,LL,1000x,n/a,,LabBlank_C_20240503,F23_A,NA,NA,NA,NA,NA,NA,NA,0,NA,NA,NA,NA,NA,0,0,0.2
LabBlank_C_20240503,7,0,FASMEE23,Blank,LabBlank,CW/KOH,20240503,20250506,LL,1000x,n/a,,LabBlank_C_20240503,F23_A,NA,NA,NA,NA,NA,NA,NA,0,NA,NA,NA,NA,NA,0,0,0.2
LabBlank_C_20240503,8,0,FASMEE23,Blank,LabBlank,CW/KOH,20240503,20250506,LL,1000x,n/a,,LabBlank_C_20240503,F23_A,NA,NA,NA,NA,NA,NA,NA,0,NA,NA,NA,NA,NA,0,0,0.2
LabBlank_C_20240503,9,3,FASMEE23,Blank,LabBlank,CW/KOH,20240503,20250506,LL,1000x,n/a,,LabBlank_C_20240503,F23_A,NA,NA,NA,NA,NA,NA,NA,0,NA,NA,NA,NA,NA,0,0,0.2
LabBlank_C_20240503,10,0,FASMEE23,Blank,LabBlank,CW/KOH,20240503,20250506,LL,1000x,n/a,,LabBlank_C_20240503,F23_A,NA,NA,NA,NA,NA,NA,NA,0,NA,NA,NA,NA,NA,0,0,0.2
LabBlank_C_20240503,11,0,FASMEE23,Blank,LabBlank,CW/KOH,20240503,20250506,LL,1000x,n/a,,LabBlank_C_20240503,F23_A,NA,NA,NA,NA,NA,NA,NA,0,NA,NA,NA,NA,NA,0,0,0.2
LabBlank_C_20240503,12,0,FASMEE23,Blank,LabBlank,CW/KOH,20240503,20250506,LL,1000x,n/a,,LabBlank_C_20240503,F23_A,NA,NA,NA,NA,NA,NA,NA,0,NA,NA,NA,NA,NA,0,0,0.2
LabBlank_C_20240503,13,1,FASMEE23,Blank,LabBlank,CW/KOH,20240503,20250506,LL,1000x,n/a,,LabBlank_C_20240503,F23_A,NA,NA,NA,NA,NA,NA,NA,0,NA,NA,NA,NA,NA,0,0,0.2
LabBlank_C_20240503,14,0,FASMEE23,Blank,LabBlank,CW/KOH,20240503,20250506,LL,1000x,n/a,,LabBlank_C_20240503,F23_A,NA,NA,NA,NA,NA,NA,NA,0,NA,NA,NA,NA,NA,0,0,0.2
LabBlank_C_20240503,15,0,FASMEE23,Blank,LabBlank,CW/KOH,20240503,20250506,LL,1000x,n/a,,LabBlank_C_20240503,F23_A,NA,NA,NA,NA,NA,NA,NA,0,NA,NA,NA,NA,NA,0,0,0.2
LabBlank_C_20240503,16,0,FASMEE23,Blank,LabBlank,CW/KOH,20240503,20250506,LL,1000x,n/a,,LabBlank_C_20240503,F23_A,NA,NA,NA,NA,NA,NA,NA,0,NA,NA,NA,NA,NA,0,0,0.2
LabBlank_C_20240503,17,0,FASMEE23,Blank,LabBlank,CW/KOH,20240503,20250506,LL,1000x,n/a,,LabBlank_C_20240503,F23_A,NA,NA,NA,NA,NA,NA,NA,0,NA,NA,NA,NA,NA,0,0,0.2
LabBlank_C_20240503,18,0,FASMEE23,Blank,LabBlank,CW/KOH,20240503,20250506,LL,1000x,n/a,,LabBlank_C_20240503,F23_A,NA,NA,NA,NA,NA,NA,NA,0,NA,NA,NA,NA,NA,0,0,0.2
LabBlank_C_20240503,19,0,FASMEE23,Blank,LabBlank,CW/KOH,20240503,20250506,LL,1000x,n/a,,LabBlank_C_20240503,F23_A,NA,NA,NA,NA,NA,NA,NA,0,NA,NA,NA,NA,NA,0,0,0.2
LabBlank_C_20240503,20,0,FASMEE23,Blank,LabBlank,CW/KOH,20240503,20250506,LL,1000x,n/a,,LabBlank_C_20240503,F23_A,NA,NA,NA,NA,NA,NA,NA,0,NA,NA,NA,NA,NA,0,0,0.2
LabBlank_C_20240503,21,0,FASMEE23,Blank,LabBlank,CW/KOH,20240503,20250506,LL,1000x,n/a,,LabBlank_C_20240503,F23_A,NA,NA,NA,NA,NA,NA,NA,0,NA,NA,NA,NA,NA,0,0,0.2
LabBlank_C_20240503,22,0,FASMEE23,Blank,LabBlank,CW/KOH,20240503,20250506,LL,1000x,n/a,,LabBlank_C_20240503,F23_A,NA,NA,NA,NA,NA,NA,NA,0,NA,NA,NA,NA,NA,0,0,0.2
LabBlank_C_20240503,23,0,FASMEE23,Blank,LabBlank,CW/KOH,20240503,20250506,LL,1000x,n/a,,LabBlank_C_20240503,F23_A,NA,NA,NA,NA,NA,NA,NA,0,NA,NA,NA,NA,NA,0,0,0.2
LabBlank_C_20240503,24,0,FASMEE23,Blank,LabBlank,CW/KOH,20240503,20250506,LL,1000x,n/a,,LabBlank_C_20240503,F23_A,NA,NA,NA,NA,NA,NA,NA,0,NA,NA,NA,NA,NA,0,0,0.2
LabBlank_C_20240503,25,0,FASMEE23,Blank,LabBlank,CW/KOH,20240503,20250506,LL,1000x,n/a,,LabBlank_C_20240503,F23_A,NA,NA,NA,NA,NA,NA,NA,0,NA,NA,NA,NA,NA,0,0,0.2
LabBlank_C_20240503,26,0,FASMEE23,Blank,LabBlank,CW/KOH,20240503,20250506,LL,1000x,n/a,,LabBlank_C_20240503,F23_A,NA,NA,NA,NA,NA,NA,NA,0,NA,NA,NA,NA,NA,0,0,0.2
LabBlank_C_20240503,27,0,FASMEE23,Blank,LabBlank,CW/KOH,20240503,20250506,LL,1000x,n/a,,LabBlank_C_20240503,F23_A,NA,NA,NA,NA,NA,NA,NA,0,NA,NA,NA,NA,NA,0,0,0.2
LabBlank_C_20240503,28,0,FASMEE23,Blank,LabBlank,CW/KOH,20240503,20250506,LL,1000x,n/a,,LabBlank_C_20240503,F23_A,NA,NA,NA,NA,NA,NA,NA,0,NA,NA,NA,NA,NA,0,0,0.2
LabBlank_C_20240503,29,0,FASMEE23,Blank,LabBlank,CW/KOH,20240503,20250506,LL,1000x,n/a,,LabBlank_C_20240503,F23_A,NA,NA,NA,NA,NA,NA,NA,0,NA,NA,NA,NA,NA,0,0,0.2
LabBlank_C_20240503,30,0,FASMEE23,Blank,LabBlank,CW/KOH,20240503,20250506,LL,1000x,n/a,,LabBlank_C_20240503,F23_A,NA,NA,NA,NA,NA,NA,NA,0,NA,NA,NA,NA,NA,0,0,0.2
LabBlank_C_20240503,31,0,FASMEE23,Blank,LabBlank,CW/KOH,20240503,20250506,LL,1000x,n/a,,LabBlank_C_20240503,F23_A,NA,NA,NA,NA,NA,NA,NA,0,NA,NA,NA,NA,NA,0,0,0.2
LabBlank_C_20240503,32,0,FASMEE23,Blank,LabBlank,CW/KOH,20240503,20250506,LL,1000x,n/a,,LabBlank_C_20240503,F23_A,NA,NA,NA,NA,NA,NA,NA,0,NA,NA,NA,NA,NA,0,0,0.2
LabBlank_C_20240503,33,0,FASMEE23,Blank,LabBlank,CW/KOH,20240503,20250506,LL,1000x,n/a,,LabBlank_C_20240503,F23_A,NA,NA,NA,NA,NA,NA,NA,0,NA,NA,NA,NA,NA,0,0,0.2
LabBlank_C_20240503,34,0,FASMEE23,Blank,LabBlank,CW/KOH,20240503,20250506,LL,1000x,n/a,,LabBlank_C_20240503,F23_A,NA,NA,NA,NA,NA,NA,NA,0,NA,NA,NA,NA,NA,0,0,0.2
LabBlank_C_20240503,35,2,FASMEE23,Blank,LabBlank,CW/KOH,20240503,20250506,LL,1000x,n/a,,LabBlank_C_20240503,F23_A,NA,NA,NA,NA,NA,NA,NA,0,NA,NA,NA,NA,NA,0,0,0.2
LabBlank_C_20240503,36,1,FASMEE23,Blank,LabBlank,CW/KOH,20240503,20250506,LL,1000x,n/a,,LabBlank_C_20240503,F23_A,NA,NA,NA,NA,NA,NA,NA,0,NA,NA,NA,NA,NA,0,0,0.2
LabBlank_C_20240503,37,0,FASMEE23,Blank,LabBlank,CW/KOH,20240503,20250506,LL,1000x,n/a,,LabBlank_C_20240503,F23_A,NA,NA,NA,NA,NA,NA,NA,0,NA,NA,NA,NA,NA,0,0,0.2
LabBlank_C_20240503,38,0,FASMEE23,Blank,LabBlank,CW/KOH,20240503,20250506,LL,1000x,n/a,,LabBlank_C_20240503,F23_A,NA,NA,NA,NA,NA,NA,NA,0,NA,NA,NA,NA,NA,0,0,0.2
LabBlank_C_20240503,39,0,FASMEE23,Blank,LabBlank,CW/KOH,20240503,20250506,LL,1000x,n/a,,LabBlank_C_20240503,F23_A,NA,NA,NA,NA,NA,NA,NA,0,NA,NA,NA,NA,NA,0,0,0.2
LabBlank_C_20240503,40,1,FASMEE23,Blank,LabBlank,CW/KOH,20240503,20250506,LL,1000x,n/a,,LabBlank_C_20240503,F23_A,NA,NA,NA,NA,NA,NA,NA,0,NA,NA,NA,NA,NA,0,0,0.2
LabBlank_B_20240807,1,0,FASMEE23,Blank,LabBlank,CW/KOH,20240807,20250506,LL,1000x,n/a,,LabBlank_B_20240807,F23_B,NA,NA,NA,NA,NA,NA,NA,0,NA,NA,NA,NA,NA,0,0,0
LabBlank_B_20240807,2,0,FASMEE23,Blank,LabBlank,CW/KOH,20240807,20250506,LL,1000x,n/a,,LabBlank_B_20240807,F23_B,NA,NA,NA,NA,NA,NA,NA,0,NA,NA,NA,NA,NA,0,0,0
LabBlank_B_20240807,3,0,FASMEE23,Blank,LabBlank,CW/KOH,20240807,20250506,LL,1000x,n/a,,LabBlank_B_20240807,F23_B,NA,NA,NA,NA,NA,NA,NA,0,NA,NA,NA,NA,NA,0,0,0
LabBlank_B_20240807,4,0,FASMEE23,Blank,LabBlank,CW/KOH,20240807,20250506,LL,1000x,n/a,,LabBlank_B_20240807,F23_B,NA,NA,NA,NA,NA,NA,NA,0,NA,NA,NA,NA,NA,0,0,0
LabBlank_B_20240807,5,0,FASMEE23,Blank,LabBlank,CW/KOH,20240807,20250506,LL,1000x,n/a,,LabBlank_B_20240807,F23_B,NA,NA,NA,NA,NA,NA,NA,0,NA,NA,NA,NA,NA,0,0,0
LabBlank_B_20240807,6,0,FASMEE23,Blank,LabBlank,CW/KOH,20240807,20250506,LL,1000x,n/a,,LabBlank_B_20240807,F23_B,NA,NA,NA,NA,NA,NA,NA,0,NA,NA,NA,NA,NA,0,0,0
LabBlank_B_20240807,7,0,FASMEE23,Blank,LabBlank,CW/KOH,20240807,20250506,LL,1000x,n/a,,LabBlank_B_20240807,F23_B,NA,NA,NA,NA,NA,NA,NA,0,NA,NA,NA,NA,NA,0,0,0
LabBlank_B_20240807,8,0,FASMEE23,Blank,LabBlank,CW/KOH,20240807,20250506,LL,1000x,n/a,,LabBlank_B_20240807,F23_B,NA,NA,NA,NA,NA,NA,NA,0,NA,NA,NA,NA,NA,0,0,0
LabBlank_B_20240807,9,0,FASMEE23,Blank,LabBlank,CW/KOH,20240807,20250506,LL,1000x,n/a,,LabBlank_B_20240807,F23_B,NA,NA,NA,NA,NA,NA,NA,0,NA,NA,NA,NA,NA,0,0,0
LabBlank_B_20240807,10,0,FASMEE23,Blank,LabBlank,CW/KOH,20240807,20250506,LL,1000x,n/a,,LabBlank_B_20240807,F23_B,NA,NA,NA,NA,NA,NA,NA,0,NA,NA,NA,NA,NA,0,0,0
LabBlank_B_20240807,11,0,FASMEE23,Blank,LabBlank,CW/KOH,20240807,20250506,LL,1000x,n/a,,LabBlank_B_20240807,F23_B,NA,NA,NA,NA,NA,NA,NA,0,NA,NA,NA,NA,NA,0,0,0
LabBlank_B_20240807,12,0,FASMEE23,Blank,LabBlank,CW/KOH,20240807,20250506,LL,1000x,n/a,,LabBlank_B_20240807,F23_B,NA,NA,NA,NA,NA,NA,NA,0,NA,NA,NA,NA,NA,0,0,0
LabBlank_B_20240807,13,0,FASMEE23,Blank,LabBlank,CW/KOH,20240807,20250506,LL,1000x,n/a,,LabBlank_B_20240807,F23_B,NA,NA,NA,NA,NA,NA,NA,0,NA,NA,NA,NA,NA,0,0,0
LabBlank_B_20240807,14,0,FASMEE23,Blank,LabBlank,CW/KOH,20240807,20250506,LL,1000x,n/a,,LabBlank_B_20240807,F23_B,NA,NA,NA,NA,NA,NA,NA,0,NA,NA,NA,NA,NA,0,0,0
LabBlank_B_20240807,15,0,FASMEE23,Blank,LabBlank,CW/KOH,20240807,20250506,LL,1000x,n/a,,LabBlank_B_20240807,F23_B,NA,NA,NA,NA,NA,NA,NA,0,NA,NA,NA,NA,NA,0,0,0
LabBlank_B_20240807,16,0,FASMEE23,Blank,LabBlank,CW/KOH,20240807,20250506,LL,1000x,n/a,,LabBlank_B_20240807,F23_B,NA,NA,NA,NA,NA,NA,NA,0,NA,NA,NA,NA,NA,0,0,0
LabBlank_B_20240807,17,0,FASMEE23,Blank,LabBlank,CW/KOH,20240807,20250506,LL,1000x,n/a,,LabBlank_B_20240807,F23_B,NA,NA,NA,NA,NA,NA,NA,0,NA,NA,NA,NA,NA,0,0,0
LabBlank_B_20240807,18,0,FASMEE23,Blank,LabBlank,CW/KOH,20240807,20250506,LL,1000x,n/a,,LabBlank_B_20240807,F23_B,NA,NA,NA,NA,NA,NA,NA,0,NA,NA,NA,NA,NA,0,0,0
LabBlank_B_20240807,19,0,FASMEE23,Blank,LabBlank,CW/KOH,20240807,20250506,LL,1000x,n/a,,LabBlank_B_20240807,F23_B,NA,NA,NA,NA,NA,NA,NA,0,NA,NA,NA,NA,NA,0,0,0
LabBlank_B_20240807,20,0,FASMEE23,Blank,LabBlank,CW/KOH,20240807,20250506,LL,1000x,n/a,,LabBlank_B_20240807,F23_B,NA,NA,NA,NA,NA,NA,NA,0,NA,NA,NA,NA,NA,0,0,0
LabBlank_B_20240807,21,0,FASMEE23,Blank,LabBlank,CW/KOH,20240807,20250506,LL,1000x,n/a,,LabBlank_B_20240807,F23_B,NA,NA,NA,NA,NA,NA,NA,0,NA,NA,NA,NA,NA,0,0,0
LabBlank_B_20240807,22,0,FASMEE23,Blank,LabBlank,CW/KOH,20240807,20250506,LL,1000x,n/a,,LabBlank_B_20240807,F23_B,NA,NA,NA,NA,NA,NA,NA,0,NA,NA,NA,NA,NA,0,0,0
LabBlank_B_20240807,23,0,FASMEE23,Blank,LabBlank,CW/KOH,20240807,20250506,LL,1000x,n/a,,LabBlank_B_20240807,F23_B,NA,NA,NA,NA,NA,NA,NA,0,NA,NA,NA,NA,NA,0,0,0
LabBlank_B_20240807,24,0,FASMEE23,Blank,LabBlank,CW/KOH,20240807,20250506,LL,1000x,n/a,,LabBlank_B_20240807,F23_B,NA,NA,NA,NA,NA,NA,NA,0,NA,NA,NA,NA,NA,0,0,0
LabBlank_B_20240807,25,0,FASMEE23,Blank,LabBlank,CW/KOH,20240807,20250506,LL,1000x,n/a,,LabBlank_B_20240807,F23_B,NA,NA,NA,NA,NA,NA,NA,0,NA,NA,NA,NA,NA,0,0,0
LabBlank_B_20240807,26,0,FASMEE23,Blank,LabBlank,CW/KOH,20240807,20250506,LL,1000x,n/a,,LabBlank_B_20240807,F23_B,NA,NA,NA,NA,NA,NA,NA,0,NA,NA,NA,NA,NA,0,0,0
LabBlank_B_20240807,27,0,FASMEE23,Blank,LabBlank,CW/KOH,20240807,20250506,LL,1000x,n/a,,LabBlank_B_20240807,F23_B,NA,NA,NA,NA,NA,NA,NA,0,NA,NA,NA,NA,NA,0,0,0
LabBlank_B_20240807,28,0,FASMEE23,Blank,LabBlank,CW/KOH,20240807,20250506,LL,1000x,n/a,,LabBlank_B_20240807,F23_B,NA,NA,NA,NA,NA,NA,NA,0,NA,NA,NA,NA,NA,0,0,0
LabBlank_B_20240807,29,0,FASMEE23,Blank,LabBlank,CW/KOH,20240807,20250506,LL,1000x,n/a,,LabBlank_B_20240807,F23_B,NA,NA,NA,NA,NA,NA,NA,0,NA,NA,NA,NA,NA,0,0,0
LabBlank_B_20240807,30,0,FASMEE23,Blank,LabBlank,CW/KOH,20240807,20250506,LL,1000x,n/a,,LabBlank_B_20240807,F23_B,NA,NA,NA,NA,NA,NA,NA,0,NA,NA,NA,NA,NA,0,0,0
LabBlank_B_20240807,31,0,FASMEE23,Blank,LabBlank,CW/KOH,20240807,20250506,LL,1000x,n/a,,LabBlank_B_20240807,F23_B,NA,NA,NA,NA,NA,NA,NA,0,NA,NA,NA,NA,NA,0,0,0
LabBlank_B_20240807,32,0,FASMEE23,Blank,LabBlank,CW/KOH,20240807,20250506,LL,1000x,n/a,,LabBlank_B_20240807,F23_B,NA,NA,NA,NA,NA,NA,NA,0,NA,NA,NA,NA,NA,0,0,0
LabBlank_B_20240807,33,0,FASMEE23,Blank,LabBlank,CW/KOH,20240807,20250506,LL,1000x,n/a,,LabBlank_B_20240807,F23_B,NA,NA,NA,NA,NA,NA,NA,0,NA,NA,NA,NA,NA,0,0,0
LabBlank_B_20240807,34,0,FASMEE23,Blank,LabBlank,CW/KOH,20240807,20250506,LL,1000x,n/a,,LabBlank_B_20240807,F23_B,NA,NA,NA,NA,NA,NA,NA,0,NA,NA,NA,NA,NA,0,0,0
LabBlank_B_20240807,35,0,FASMEE23,Blank,LabBlank,CW/KOH,20240807,20250506,LL,1000x,n/a,,LabBlank_B_20240807,F23_B,NA,NA,NA,NA,NA,NA,NA,0,NA,NA,NA,NA,NA,0,0,0
LabBlank_B_20240807,36,0,FASMEE23,Blank,LabBlank,CW/KOH,20240807,20250506,LL,1000x,n/a,,LabBlank_B_20240807,F23_B,NA,NA,NA,NA,NA,NA,NA,0,NA,NA,NA,NA,NA,0,0,0
LabBlank_B_20240807,37,0,FASMEE23,Blank,LabBlank,CW/KOH,20240807,20250506,LL,1000x,n/a,,LabBlank_B_20240807,F23_B,NA,NA,NA,NA,NA,NA,NA,0,NA,NA,NA,NA,NA,0,0,0
LabBlank_B_20240807,38,0,FASMEE23,Blank,LabBlank,CW/KOH,20240807,20250506,LL,1000x,n/a,,LabBlank_B_20240807,F23_B,NA,NA,NA,NA,NA,NA,NA,0,NA,NA,NA,NA,NA,0,0,0
LabBlank_B_20240807,39,0,FASMEE23,Blank,LabBlank,CW/KOH,20240807,20250506,LL,1000x,n/a,,LabBlank_B_20240807,F23_B,NA,NA,NA,NA,NA,NA,NA,0,NA,NA,NA,NA,NA,0,0,0
LabBlank_B_20240807,40,0,FASMEE23,Blank,LabBlank,CW/KOH,20240807,20250506,LL,1000x,n/a,,LabBlank_B_20240807,F23_B,NA,NA,NA,NA,NA,NA,NA,0,NA,NA,NA,NA,NA,0,0,0
LabBlank_B_20241119,1,0,FASMEE23,Blank,LabBlank,CW/KOH,20241119,20250506,LL,1000x,n/a,,LabBlank_B_20241119,F23_C,NA,NA,NA,NA,NA,NA,NA,0,NA,NA,NA,NA,NA,0,0,0.15000000000000005
LabBlank_B_20241119,2,2,FASMEE23,Blank,LabBlank,CW/KOH,20241119,20250506,LL,1000x,n/a,,LabBlank_B_20241119,F23_C,NA,NA,NA,NA,NA,NA,NA,0,NA,NA,NA,NA,NA,0,0,0.15000000000000005
LabBlank_B_20241119,3,1,FASMEE23,Blank,LabBlank,CW/KOH,20241119,20250506,LL,1000x,n/a,,LabBlank_B_20241119,F23_C,NA,NA,NA,NA,NA,NA,NA,0,NA,NA,NA,NA,NA,0,0,0.15000000000000005
LabBlank_B_20241119,4,0,FASMEE23,Blank,LabBlank,CW/KOH,20241119,20250506,LL,1000x,n/a,,LabBlank_B_20241119,F23_C,NA,NA,NA,NA,NA,NA,NA,0,NA,NA,NA,NA,NA,0,0,0.15000000000000005
LabBlank_B_20241119,5,0,FASMEE23,Blank,LabBlank,CW/KOH,20241119,20250506,LL,1000x,n/a,,LabBlank_B_20241119,F23_C,NA,NA,NA,NA,NA,NA,NA,0,NA,NA,NA,NA,NA,0,0,0.15000000000000005
LabBlank_B_20241119,6,0,FASMEE23,Blank,LabBlank,CW/KOH,20241119,20250506,LL,1000x,n/a,,LabBlank_B_20241119,F23_C,NA,NA,NA,NA,NA,NA,NA,0,NA,NA,NA,NA,NA,0,0,0.15000000000000005
LabBlank_B_20241119,7,0,FASMEE23,Blank,LabBlank,CW/KOH,20241119,20250506,LL,1000x,n/a,,LabBlank_B_20241119,F23_C,NA,NA,NA,NA,NA,NA,NA,0,NA,NA,NA,NA,NA,0,0,0.15000000000000005
LabBlank_B_20241119,8,0,FASMEE23,Blank,LabBlank,CW/KOH,20241119,20250506,LL,1000x,n/a,,LabBlank_B_20241119,F23_C,NA,NA,NA,NA,NA,NA,NA,0,NA,NA,NA,NA,NA,0,0,0.15000000000000005
LabBlank_B_20241119,9,0,FASMEE23,Blank,LabBlank,CW/KOH,20241119,20250506,LL,1000x,n/a,,LabBlank_B_20241119,F23_C,NA,NA,NA,NA,NA,NA,NA,0,NA,NA,NA,NA,NA,0,0,0.15000000000000005
LabBlank_B_20241119,10,0,FASMEE23,Blank,LabBlank,CW/KOH,20241119,20250506,LL,1000x,n/a,,LabBlank_B_20241119,F23_C,NA,NA,NA,NA,NA,NA,NA,0,NA,NA,NA,NA,NA,0,0,0.15000000000000005
LabBlank_B_20241119,11,0,FASMEE23,Blank,LabBlank,CW/KOH,20241119,20250506,LL,1000x,n/a,,LabBlank_B_20241119,F23_C,NA,NA,NA,NA,NA,NA,NA,0,NA,NA,NA,NA,NA,0,0,0.15000000000000005
LabBlank_B_20241119,12,0,FASMEE23,Blank,LabBlank,CW/KOH,20241119,20250506,LL,1000x,n/a,,LabBlank_B_20241119,F23_C,NA,NA,NA,NA,NA,NA,NA,0,NA,NA,NA,NA,NA,0,0,0.15000000000000005
LabBlank_B_20241119,13,0,FASMEE23,Blank,LabBlank,CW/KOH,20241119,20250506,LL,1000x,n/a,,LabBlank_B_20241119,F23_C,NA,NA,NA,NA,NA,NA,NA,0,NA,NA,NA,NA,NA,0,0,0.15000000000000005
LabBlank_B_20241119,14,0,FASMEE23,Blank,LabBlank,CW/KOH,20241119,20250506,LL,1000x,n/a,,LabBlank_B_20241119,F23_C,NA,NA,NA,NA,NA,NA,NA,0,NA,NA,NA,NA,NA,0,0,0.15000000000000005
LabBlank_B_20241119,15,0,FASMEE23,Blank,LabBlank,CW/KOH,20241119,20250506,LL,1000x,n/a,,LabBlank_B_20241119,F23_C,NA,NA,NA,NA,NA,NA,NA,0,NA,NA,NA,NA,NA,0,0,0.15000000000000005
LabBlank_B_20241119,16,1,FASMEE23,Blank,LabBlank,CW/KOH,20241119,20250506,LL,1000x,n/a,,LabBlank_B_20241119,F23_C,NA,NA,NA,NA,NA,NA,NA,0,NA,NA,NA,NA,NA,0,0,0.15000000000000005
LabBlank_B_20241119,17,0,FASMEE23,Blank,LabBlank,CW/KOH,20241119,20250506,LL,1000x,n/a,,LabBlank_B_20241119,F23_C,NA,NA,NA,NA,NA,NA,NA,0,NA,NA,NA,NA,NA,0,0,0.15000000000000005
LabBlank_B_20241119,18,0,FASMEE23,Blank,LabBlank,CW/KOH,20241119,20250506,LL,1000x,n/a,,LabBlank_B_20241119,F23_C,NA,NA,NA,NA,NA,NA,NA,0,NA,NA,NA,NA,NA,0,0,0.15000000000000005
LabBlank_B_20241119,19,0,FASMEE23,Blank,LabBlank,CW/KOH,20241119,20250506,LL,1000x,n/a,,LabBlank_B_20241119,F23_C,NA,NA,NA,NA,NA,NA,NA,0,NA,NA,NA,NA,NA,0,0,0.15000000000000005
LabBlank_B_20241119,20,0,FASMEE23,Blank,LabBlank,CW/KOH,20241119,20250506,LL,1000x,n/a,,LabBlank_B_20241119,F23_C,NA,NA,NA,NA,NA,NA,NA,0,NA,NA,NA,NA,NA,0,0,0.15000000000000005
LabBlank_B_20241119,21,0,FASMEE23,Blank,LabBlank,CW/KOH,20241119,20250506,LL,1000x,n/a,,LabBlank_B_20241119,F23_C,NA,NA,NA,NA,NA,NA,NA,0,NA,NA,NA,NA,NA,0,0,0.15000000000000005
LabBlank_B_20241119,22,0,FASMEE23,Blank,LabBlank,CW/KOH,20241119,20250506,LL,1000x,n/a,,LabBlank_B_20241119,F23_C,NA,NA,NA,NA,NA,NA,NA,0,NA,NA,NA,NA,NA,0,0,0.15000000000000005
LabBlank_B_20241119,23,1,FASMEE23,Blank,LabBlank,CW/KOH,20241119,20250506,LL,1000x,n/a,,LabBlank_B_20241119,F23_C,NA,NA,NA,NA,NA,NA,NA,0,NA,NA,NA,NA,NA,0,0,0.15000000000000005
LabBlank_B_20241119,24,0,FASMEE23,Blank,LabBlank,CW/KOH,20241119,20250506,LL,1000x,n/a,,LabBlank_B_20241119,F23_C,NA,NA,NA,NA,NA,NA,NA,0,NA,NA,NA,NA,NA,0,0,0.15000000000000005
LabBlank_B_20241119,25,0,FASMEE23,Blank,LabBlank,CW/KOH,20241119,20250506,LL,1000x,n/a,,LabBlank_B_20241119,F23_C,NA,NA,NA,NA,NA,NA,NA,0,NA,NA,NA,NA,NA,0,0,0.15000000000000005
LabBlank_B_20241119,26,0,FASMEE23,Blank,LabBlank,CW/KOH,20241119,20250506,LL,1000x,n/a,,LabBlank_B_20241119,F23_C,NA,NA,NA,NA,NA,NA,NA,0,NA,NA,NA,NA,NA,0,0,0.15000000000000005
LabBlank_B_20241119,27,1,FASMEE23,Blank,LabBlank,CW/KOH,20241119,20250506,LL,1000x,n/a,,LabBlank_B_20241119,F23_C,NA,NA,NA,NA,NA,NA,NA,0,NA,NA,NA,NA,NA,0,0,0.15000000000000005
LabBlank_B_20241119,28,0,FASMEE23,Blank,LabBlank,CW/KOH,20241119,20250506,LL,1000x,n/a,,LabBlank_B_20241119,F23_C,NA,NA,NA,NA,NA,NA,NA,0,NA,NA,NA,NA,NA,0,0,0.15000000000000005
LabBlank_B_20241119,29,0,FASMEE23,Blank,LabBlank,CW/KOH,20241119,20250506,LL,1000x,n/a,,LabBlank_B_20241119,F23_C,NA,NA,NA,NA,NA,NA,NA,0,NA,NA,NA,NA,NA,0,0,0.15000000000000005
LabBlank_B_20241119,30,0,FASMEE23,Blank,LabBlank,CW/KOH,20241119,20250506,LL,1000x,n/a,,LabBlank_B_20241119,F23_C,NA,NA,NA,NA,NA,NA,NA,0,NA,NA,NA,NA,NA,0,0,0.15000000000000005
LabBlank_B_20241119,31,0,FASMEE23,Blank,LabBlank,CW/KOH,20241119,20250506,LL,1000x,n/a,,LabBlank_B_20241119,F23_C,NA,NA,NA,NA,NA,NA,NA,0,NA,NA,NA,NA,NA,0,0,0.15000000000000005
LabBlank_B_20241119,32,0,FASMEE23,Blank,LabBlank,CW/KOH,20241119,20250506,LL,1000x,n/a,,LabBlank_B_20241119,F23_C,NA,NA,NA,NA,NA,NA,NA,0,NA,NA,NA,NA,NA,0,0,0.15000000000000005
LabBlank_B_20241119,33,0,FASMEE23,Blank,LabBlank,CW/KOH,20241119,20250506,LL,1000x,n/a,,LabBlank_B_20241119,F23_C,NA,NA,NA,NA,NA,NA,NA,0,NA,NA,NA,NA,NA,0,0,0.15000000000000005
LabBlank_B_20241119,34,0,FASMEE23,Blank,LabBlank,CW/KOH,20241119,20250506,LL,1000x,n/a,,LabBlank_B_20241119,F23_C,NA,NA,NA,NA,NA,NA,NA,0,NA,NA,NA,NA,NA,0,0,0.15000000000000005
LabBlank_B_20241119,35,0,FASMEE23,Blank,LabBlank,CW/KOH,20241119,20250506,LL,1000x,n/a,,LabBlank_B_20241119,F23_C,NA,NA,NA,NA,NA,NA,NA,0,NA,NA,NA,NA,NA,0,0,0.15000000000000005
LabBlank_B_20241119,36,0,FASMEE23,Blank,LabBlank,CW/KOH,20241119,20250506,LL,1000x,n/a,,LabBlank_B_20241119,F23_C,NA,NA,NA,NA,NA,NA,NA,0,NA,NA,NA,NA,NA,0,0,0.15000000000000005
LabBlank_B_20241119,37,0,FASMEE23,Blank,LabBlank,CW/KOH,20241119,20250506,LL,1000x,n/a,,LabBlank_B_20241119,F23_C,NA,NA,NA,NA,NA,NA,NA,0,NA,NA,NA,NA,NA,0,0,0.15000000000000005
LabBlank_B_20241119,38,0,FASMEE23,Blank,LabBlank,CW/KOH,20241119,20250506,LL,1000x,n/a,,LabBlank_B_20241119,F23_C,NA,NA,NA,NA,NA,NA,NA,0,NA,NA,NA,NA,NA,0,0,0.15000000000000005
LabBlank_B_20241119,39,0,FASMEE23,Blank,LabBlank,CW/KOH,20241119,20250506,LL,1000x,n/a,,LabBlank_B_20241119,F23_C,NA,NA,NA,NA,NA,NA,NA,0,NA,NA,NA,NA,NA,0,0,0.15000000000000005
LabBlank_B_20241119,40,0,FASMEE23,Blank,LabBlank,CW/KOH,20241119,20250506,LL,1000x,n/a,,LabBlank_B_20241119,F23_C,NA,NA,NA,NA,NA,NA,NA,0,NA,NA,NA,NA,NA,0,0,0.15000000000000005
LabBlank1A_B_20241210,1,0,FASMEE23,Blank,LabBlank,CW/KOH,20241210,20250506,LL,1000x,n/a,,LabBlank1A_B_20241210,F23_D,NA,NA,NA,NA,NA,NA,NA,0,NA,NA,NA,NA,NA,0,0,0
LabBlank1A_B_20241210,2,0,FASMEE23,Blank,LabBlank,CW/KOH,20241210,20250506,LL,1000x,n/a,,LabBlank1A_B_20241210,F23_D,NA,NA,NA,NA,NA,NA,NA,0,NA,NA,NA,NA,NA,0,0,0
LabBlank1A_B_20241210,3,0,FASMEE23,Blank,LabBlank,CW/KOH,20241210,20250506,LL,1000x,n/a,,LabBlank1A_B_20241210,F23_D,NA,NA,NA,NA,NA,NA,NA,0,NA,NA,NA,NA,NA,0,0,0
LabBlank1A_B_20241210,4,0,FASMEE23,Blank,LabBlank,CW/KOH,20241210,20250506,LL,1000x,n/a,,LabBlank1A_B_20241210,F23_D,NA,NA,NA,NA,NA,NA,NA,0,NA,NA,NA,NA,NA,0,0,0
LabBlank1A_B_20241210,5,0,FASMEE23,Blank,LabBlank,CW/KOH,20241210,20250506,LL,1000x,n/a,,LabBlank1A_B_20241210,F23_D,NA,NA,NA,NA,NA,NA,NA,0,NA,NA,NA,NA,NA,0,0,0
LabBlank1A_B_20241210,6,0,FASMEE23,Blank,LabBlank,CW/KOH,20241210,20250506,LL,1000x,n/a,,LabBlank1A_B_20241210,F23_D,NA,NA,NA,NA,NA,NA,NA,0,NA,NA,NA,NA,NA,0,0,0
LabBlank1A_B_20241210,7,0,FASMEE23,Blank,LabBlank,CW/KOH,20241210,20250506,LL,1000x,n/a,,LabBlank1A_B_20241210,F23_D,NA,NA,NA,NA,NA,NA,NA,0,NA,NA,NA,NA,NA,0,0,0
LabBlank1A_B_20241210,8,0,FASMEE23,Blank,LabBlank,CW/KOH,20241210,20250506,LL,1000x,n/a,,LabBlank1A_B_20241210,F23_D,NA,NA,NA,NA,NA,NA,NA,0,NA,NA,NA,NA,NA,0,0,0
LabBlank1A_B_20241210,9,0,FASMEE23,Blank,LabBlank,CW/KOH,20241210,20250506,LL,1000x,n/a,,LabBlank1A_B_20241210,F23_D,NA,NA,NA,NA,NA,NA,NA,0,NA,NA,NA,NA,NA,0,0,0
LabBlank1A_B_20241210,10,0,FASMEE23,Blank,LabBlank,CW/KOH,20241210,20250506,LL,1000x,n/a,,LabBlank1A_B_20241210,F23_D,NA,NA,NA,NA,NA,NA,NA,0,NA,NA,NA,NA,NA,0,0,0
LabBlank1A_B_20241210,11,0,FASMEE23,Blank,LabBlank,CW/KOH,20241210,20250506,LL,1000x,n/a,,LabBlank1A_B_20241210,F23_D,NA,NA,NA,NA,NA,NA,NA,0,NA,NA,NA,NA,NA,0,0,0
LabBlank1A_B_20241210,12,0,FASMEE23,Blank,LabBlank,CW/KOH,20241210,20250506,LL,1000x,n/a,,LabBlank1A_B_20241210,F23_D,NA,NA,NA,NA,NA,NA,NA,0,NA,NA,NA,NA,NA,0,0,0
LabBlank1A_B_20241210,13,0,FASMEE23,Blank,LabBlank,CW/KOH,20241210,20250506,LL,1000x,n/a,,LabBlank1A_B_20241210,F23_D,NA,NA,NA,NA,NA,NA,NA,0,NA,NA,NA,NA,NA,0,0,0
LabBlank1A_B_20241210,14,0,FASMEE23,Blank,LabBlank,CW/KOH,20241210,20250506,LL,1000x,n/a,,LabBlank1A_B_20241210,F23_D,NA,NA,NA,NA,NA,NA,NA,0,NA,NA,NA,NA,NA,0,0,0
LabBlank1A_B_20241210,15,0,FASMEE23,Blank,LabBlank,CW/KOH,20241210,20250506,LL,1000x,n/a,,LabBlank1A_B_20241210,F23_D,NA,NA,NA,NA,NA,NA,NA,0,NA,NA,NA,NA,NA,0,0,0
LabBlank1A_B_20241210,16,0,FASMEE23,Blank,LabBlank,CW/KOH,20241210,20250506,LL,1000x,n/a,,LabBlank1A_B_20241210,F23_D,NA,NA,NA,NA,NA,NA,NA,0,NA,NA,NA,NA,NA,0,0,0
LabBlank1A_B_20241210,17,0,FASMEE23,Blank,LabBlank,CW/KOH,20241210,20250506,LL,1000x,n/a,,LabBlank1A_B_20241210,F23_D,NA,NA,NA,NA,NA,NA,NA,0,NA,NA,NA,NA,NA,0,0,0
LabBlank1A_B_20241210,18,0,FASMEE23,Blank,LabBlank,CW/KOH,20241210,20250506,LL,1000x,n/a,,LabBlank1A_B_20241210,F23_D,NA,NA,NA,NA,NA,NA,NA,0,NA,NA,NA,NA,NA,0,0,0
LabBlank1A_B_20241210,19,0,FASMEE23,Blank,LabBlank,CW/KOH,20241210,20250506,LL,1000x,n/a,,LabBlank1A_B_20241210,F23_D,NA,NA,NA,NA,NA,NA,NA,0,NA,NA,NA,NA,NA,0,0,0
LabBlank1A_B_20241210,20,0,FASMEE23,Blank,LabBlank,CW/KOH,20241210,20250506,LL,1000x,n/a,,LabBlank1A_B_20241210,F23_D,NA,NA,NA,NA,NA,NA,NA,0,NA,NA,NA,NA,NA,0,0,0
LabBlank1A_B_20241210,21,0,FASMEE23,Blank,LabBlank,CW/KOH,20241210,20250506,LL,1000x,n/a,,LabBlank1A_B_20241210,F23_D,NA,NA,NA,NA,NA,NA,NA,0,NA,NA,NA,NA,NA,0,0,0
LabBlank1A_B_20241210,22,0,FASMEE23,Blank,LabBlank,CW/KOH,20241210,20250506,LL,1000x,n/a,,LabBlank1A_B_20241210,F23_D,NA,NA,NA,NA,NA,NA,NA,0,NA,NA,NA,NA,NA,0,0,0
LabBlank1A_B_20241210,23,0,FASMEE23,Blank,LabBlank,CW/KOH,20241210,20250506,LL,1000x,n/a,,LabBlank1A_B_20241210,F23_D,NA,NA,NA,NA,NA,NA,NA,0,NA,NA,NA,NA,NA,0,0,0
LabBlank1A_B_20241210,24,0,FASMEE23,Blank,LabBlank,CW/KOH,20241210,20250506,LL,1000x,n/a,,LabBlank1A_B_20241210,F23_D,NA,NA,NA,NA,NA,NA,NA,0,NA,NA,NA,NA,NA,0,0,0
LabBlank1A_B_20241210,25,0,FASMEE23,Blank,LabBlank,CW/KOH,20241210,20250506,LL,1000x,n/a,,LabBlank1A_B_20241210,F23_D,NA,NA,NA,NA,NA,NA,NA,0,NA,NA,NA,NA,NA,0,0,0
LabBlank1A_B_20241210,26,0,FASMEE23,Blank,LabBlank,CW/KOH,20241210,20250506,LL,1000x,n/a,,LabBlank1A_B_20241210,F23_D,NA,NA,NA,NA,NA,NA,NA,0,NA,NA,NA,NA,NA,0,0,0
LabBlank1A_B_20241210,27,0,FASMEE23,Blank,LabBlank,CW/KOH,20241210,20250506,LL,1000x,n/a,,LabBlank1A_B_20241210,F23_D,NA,NA,NA,NA,NA,NA,NA,0,NA,NA,NA,NA,NA,0,0,0
LabBlank1A_B_20241210,28,0,FASMEE23,Blank,LabBlank,CW/KOH,20241210,20250506,LL,1000x,n/a,,LabBlank1A_B_20241210,F23_D,NA,NA,NA,NA,NA,NA,NA,0,NA,NA,NA,NA,NA,0,0,0
LabBlank1A_B_20241210,29,0,FASMEE23,Blank,LabBlank,CW/KOH,20241210,20250506,LL,1000x,n/a,,LabBlank1A_B_20241210,F23_D,NA,NA,NA,NA,NA,NA,NA,0,NA,NA,NA,NA,NA,0,0,0
LabBlank1A_B_20241210,30,0,FASMEE23,Blank,LabBlank,CW/KOH,20241210,20250506,LL,1000x,n/a,,LabBlank1A_B_20241210,F23_D,NA,NA,NA,NA,NA,NA,NA,0,NA,NA,NA,NA,NA,0,0,0
LabBlank1A_B_20241210,31,0,FASMEE23,Blank,LabBlank,CW/KOH,20241210,20250506,LL,1000x,n/a,,LabBlank1A_B_20241210,F23_D,NA,NA,NA,NA,NA,NA,NA,0,NA,NA,NA,NA,NA,0,0,0
LabBlank1A_B_20241210,32,0,FASMEE23,Blank,LabBlank,CW/KOH,20241210,20250506,LL,1000x,n/a,,LabBlank1A_B_20241210,F23_D,NA,NA,NA,NA,NA,NA,NA,0,NA,NA,NA,NA,NA,0,0,0
LabBlank1A_B_20241210,33,0,FASMEE23,Blank,LabBlank,CW/KOH,20241210,20250506,LL,1000x,n/a,,LabBlank1A_B_20241210,F23_D,NA,NA,NA,NA,NA,NA,NA,0,NA,NA,NA,NA,NA,0,0,0
LabBlank1A_B_20241210,34,0,FASMEE23,Blank,LabBlank,CW/KOH,20241210,20250506,LL,1000x,n/a,,LabBlank1A_B_20241210,F23_D,NA,NA,NA,NA,NA,NA,NA,0,NA,NA,NA,NA,NA,0,0,0
LabBlank1A_B_20241210,35,0,FASMEE23,Blank,LabBlank,CW/KOH,20241210,20250506,LL,1000x,n/a,,LabBlank1A_B_20241210,F23_D,NA,NA,NA,NA,NA,NA,NA,0,NA,NA,NA,NA,NA,0,0,0
LabBlank1A_B_20241210,36,0,FASMEE23,Blank,LabBlank,CW/KOH,20241210,20250506,LL,1000x,n/a,,LabBlank1A_B_20241210,F23_D,NA,NA,NA,NA,NA,NA,NA,0,NA,NA,NA,NA,NA,0,0,0
LabBlank1A_B_20241210,37,0,FASMEE23,Blank,LabBlank,CW/KOH,20241210,20250506,LL,1000x,n/a,,LabBlank1A_B_20241210,F23_D,NA,NA,NA,NA,NA,NA,NA,0,NA,NA,NA,NA,NA,0,0,0
LabBlank1A_B_20241210,38,0,FASMEE23,Blank,LabBlank,CW/KOH,20241210,20250506,LL,1000x,n/a,,LabBlank1A_B_20241210,F23_D,NA,NA,NA,NA,NA,NA,NA,0,NA,NA,NA,NA,NA,0,0,0
LabBlank1A_B_20241210,39,0,FASMEE23,Blank,LabBlank,CW/KOH,20241210,20250506,LL,1000x,n/a,,LabBlank1A_B_20241210,F23_D,NA,NA,NA,NA,NA,NA,NA,0,NA,NA,NA,NA,NA,0,0,0
LabBlank1A_B_20241210,40,0,FASMEE23,Blank,LabBlank,CW/KOH,20241210,20250506,LL,1000x,n/a,,LabBlank1A_B_20241210,F23_D,NA,NA,NA,NA,NA,NA,NA,0,NA,NA,NA,NA,NA,0,0,0
FieldBlank2B_B,1,0,FASMEE23,Blank,FieldBlank,CW/KOH,20241201,20250512,LL,1000x,n/a,,FieldBlank2B,F23_C,NA,NA,NA,NA,NA,NA,NA,0,NA,NA,NA,NA,NA,0,0,0.15000000000000005
FieldBlank2B_B,2,0,FASMEE23,Blank,FieldBlank,CW/KOH,20241201,20250512,LL,1000x,n/a,,FieldBlank2B,F23_C,NA,NA,NA,NA,NA,NA,NA,0,NA,NA,NA,NA,NA,0,0,0.15000000000000005
FieldBlank2B_B,3,0,FASMEE23,Blank,FieldBlank,CW/KOH,20241201,20250512,LL,1000x,n/a,,FieldBlank2B,F23_C,NA,NA,NA,NA,NA,NA,NA,0,NA,NA,NA,NA,NA,0,0,0.15000000000000005
FieldBlank2B_B,4,0,FASMEE23,Blank,FieldBlank,CW/KOH,20241201,20250512,LL,1000x,n/a,,FieldBlank2B,F23_C,NA,NA,NA,NA,NA,NA,NA,0,NA,NA,NA,NA,NA,0,0,0.15000000000000005
FieldBlank2B_B,5,0,FASMEE23,Blank,FieldBlank,CW/KOH,20241201,20250512,LL,1000x,n/a,,FieldBlank2B,F23_C,NA,NA,NA,NA,NA,NA,NA,0,NA,NA,NA,NA,NA,0,0,0.15000000000000005
FieldBlank2B_B,6,0,FASMEE23,Blank,FieldBlank,CW/KOH,20241201,20250512,LL,1000x,n/a,,FieldBlank2B,F23_C,NA,NA,NA,NA,NA,NA,NA,0,NA,NA,NA,NA,NA,0,0,0.15000000000000005
FieldBlank2B_B,7,0,FASMEE23,Blank,FieldBlank,CW/KOH,20241201,20250512,LL,1000x,n/a,,FieldBlank2B,F23_C,NA,NA,NA,NA,NA,NA,NA,0,NA,NA,NA,NA,NA,0,0,0.15000000000000005
FieldBlank2B_B,8,0,FASMEE23,Blank,FieldBlank,CW/KOH,20241201,20250512,LL,1000x,n/a,,FieldBlank2B,F23_C,NA,NA,NA,NA,NA,NA,NA,0,NA,NA,NA,NA,NA,0,0,0.15000000000000005
FieldBlank2B_B,9,0,FASMEE23,Blank,FieldBlank,CW/KOH,20241201,20250512,LL,1000x,n/a,,FieldBlank2B,F23_C,NA,NA,NA,NA,NA,NA,NA,0,NA,NA,NA,NA,NA,0,0,0.15000000000000005
FieldBlank2B_B,10,0,FASMEE23,Blank,FieldBlank,CW/KOH,20241201,20250512,LL,1000x,n/a,,FieldBlank2B,F23_C,NA,NA,NA,NA,NA,NA,NA,0,NA,NA,NA,NA,NA,0,0,0.15000000000000005
FieldBlank2B_B,11,0,FASMEE23,Blank,FieldBlank,CW/KOH,20241201,20250512,LL,1000x,n/a,,FieldBlank2B,F23_C,NA,NA,NA,NA,NA,NA,NA,0,NA,NA,NA,NA,NA,0,0,0.15000000000000005
FieldBlank2B_B,12,0,FASMEE23,Blank,FieldBlank,CW/KOH,20241201,20250512,LL,1000x,n/a,,FieldBlank2B,F23_C,NA,NA,NA,NA,NA,NA,NA,0,NA,NA,NA,NA,NA,0,0,0.15000000000000005
FieldBlank2B_B,13,0,FASMEE23,Blank,FieldBlank,CW/KOH,20241201,20250512,LL,1000x,n/a,,FieldBlank2B,F23_C,NA,NA,NA,NA,NA,NA,NA,0,NA,NA,NA,NA,NA,0,0,0.15000000000000005
FieldBlank2B_B,14,0,FASMEE23,Blank,FieldBlank,CW/KOH,20241201,20250512,LL,1000x,n/a,,FieldBlank2B,F23_C,NA,NA,NA,NA,NA,NA,NA,0,NA,NA,NA,NA,NA,0,0,0.15000000000000005
FieldBlank2B_B,15,0,FASMEE23,Blank,FieldBlank,CW/KOH,20241201,20250512,LL,1000x,n/a,,FieldBlank2B,F23_C,NA,NA,NA,NA,NA,NA,NA,0,NA,NA,NA,NA,NA,0,0,0.15000000000000005
FieldBlank2B_B,16,0,FASMEE23,Blank,FieldBlank,CW/KOH,20241201,20250512,LL,1000x,n/a,,FieldBlank2B,F23_C,NA,NA,NA,NA,NA,NA,NA,0,NA,NA,NA,NA,NA,0,0,0.15000000000000005
FieldBlank2B_B,17,1,FASMEE23,Blank,FieldBlank,CW/KOH,20241201,20250512,LL,1000x,n/a,,FieldBlank2B,F23_C,NA,NA,NA,NA,NA,NA,NA,0,NA,NA,NA,NA,NA,0,0,0.15000000000000005
FieldBlank2B_B,18,0,FASMEE23,Blank,FieldBlank,CW/KOH,20241201,20250512,LL,1000x,n/a,,FieldBlank2B,F23_C,NA,NA,NA,NA,NA,NA,NA,0,NA,NA,NA,NA,NA,0,0,0.15000000000000005
FieldBlank2B_B,19,0,FASMEE23,Blank,FieldBlank,CW/KOH,20241201,20250512,LL,1000x,n/a,,FieldBlank2B,F23_C,NA,NA,NA,NA,NA,NA,NA,0,NA,NA,NA,NA,NA,0,0,0.15000000000000005
FieldBlank2B_B,20,0,FASMEE23,Blank,FieldBlank,CW/KOH,20241201,20250512,LL,1000x,n/a,,FieldBlank2B,F23_C,NA,NA,NA,NA,NA,NA,NA,0,NA,NA,NA,NA,NA,0,0,0.15000000000000005
FieldBlank2B_B,21,0,FASMEE23,Blank,FieldBlank,CW/KOH,20241201,20250512,LL,1000x,n/a,,FieldBlank2B,F23_C,NA,NA,NA,NA,NA,NA,NA,0,NA,NA,NA,NA,NA,0,0,0.15000000000000005
FieldBlank2B_B,22,0,FASMEE23,Blank,FieldBlank,CW/KOH,20241201,20250512,LL,1000x,n/a,,FieldBlank2B,F23_C,NA,NA,NA,NA,NA,NA,NA,0,NA,NA,NA,NA,NA,0,0,0.15000000000000005
FieldBlank2B_B,23,0,FASMEE23,Blank,FieldBlank,CW/KOH,20241201,20250512,LL,1000x,n/a,,FieldBlank2B,F23_C,NA,NA,NA,NA,NA,NA,NA,0,NA,NA,NA,NA,NA,0,0,0.15000000000000005
FieldBlank2B_B,24,0,FASMEE23,Blank,FieldBlank,CW/KOH,20241201,20250512,LL,1000x,n/a,,FieldBlank2B,F23_C,NA,NA,NA,NA,NA,NA,NA,0,NA,NA,NA,NA,NA,0,0,0.15000000000000005
FieldBlank2B_B,25,0,FASMEE23,Blank,FieldBlank,CW/KOH,20241201,20250512,LL,1000x,n/a,,FieldBlank2B,F23_C,NA,NA,NA,NA,NA,NA,NA,0,NA,NA,NA,NA,NA,0,0,0.15000000000000005
FieldBlank2B_B,26,0,FASMEE23,Blank,FieldBlank,CW/KOH,20241201,20250512,LL,1000x,n/a,,FieldBlank2B,F23_C,NA,NA,NA,NA,NA,NA,NA,0,NA,NA,NA,NA,NA,0,0,0.15000000000000005
FieldBlank2B_B,27,2,FASMEE23,Blank,FieldBlank,CW/KOH,20241201,20250512,LL,1000x,n/a,,FieldBlank2B,F23_C,NA,NA,NA,NA,NA,NA,NA,0,NA,NA,NA,NA,NA,0,0,0.15000000000000005
FieldBlank2B_B,28,3,FASMEE23,Blank,FieldBlank,CW/KOH,20241201,20250512,LL,1000x,n/a,,FieldBlank2B,F23_C,NA,NA,NA,NA,NA,NA,NA,0,NA,NA,NA,NA,NA,0,0,0.15000000000000005
FieldBlank2B_B,29,0,FASMEE23,Blank,FieldBlank,CW/KOH,20241201,20250512,LL,1000x,n/a,,FieldBlank2B,F23_C,NA,NA,NA,NA,NA,NA,NA,0,NA,NA,NA,NA,NA,0,0,0.15000000000000005
FieldBlank2B_B,30,0,FASMEE23,Blank,FieldBlank,CW/KOH,20241201,20250512,LL,1000x,n/a,,FieldBlank2B,F23_C,NA,NA,NA,NA,NA,NA,NA,0,NA,NA,NA,NA,NA,0,0,0.15000000000000005
FieldBlank2B_B,31,0,FASMEE23,Blank,FieldBlank,CW/KOH,20241201,20250512,LL,1000x,n/a,,FieldBlank2B,F23_C,NA,NA,NA,NA,NA,NA,NA,0,NA,NA,NA,NA,NA,0,0,0.15000000000000005
FieldBlank2B_B,32,0,FASMEE23,Blank,FieldBlank,CW/KOH,20241201,20250512,LL,1000x,n/a,,FieldBlank2B,F23_C,NA,NA,NA,NA,NA,NA,NA,0,NA,NA,NA,NA,NA,0,0,0.15000000000000005
FieldBlank2B_B,33,0,FASMEE23,Blank,FieldBlank,CW/KOH,20241201,20250512,LL,1000x,n/a,,FieldBlank2B,F23_C,NA,NA,NA,NA,NA,NA,NA,0,NA,NA,NA,NA,NA,0,0,0.15000000000000005
FieldBlank2B_B,34,0,FASMEE23,Blank,FieldBlank,CW/KOH,20241201,20250512,LL,1000x,n/a,,FieldBlank2B,F23_C,NA,NA,NA,NA,NA,NA,NA,0,NA,NA,NA,NA,NA,0,0,0.15000000000000005
FieldBlank2B_B,35,0,FASMEE23,Blank,FieldBlank,CW/KOH,20241201,20250512,LL,1000x,n/a,,FieldBlank2B,F23_C,NA,NA,NA,NA,NA,NA,NA,0,NA,NA,NA,NA,NA,0,0,0.15000000000000005
FieldBlank2B_B,36,0,FASMEE23,Blank,FieldBlank,CW/KOH,20241201,20250512,LL,1000x,n/a,,FieldBlank2B,F23_C,NA,NA,NA,NA,NA,NA,NA,0,NA,NA,NA,NA,NA,0,0,0.15000000000000005
FieldBlank2B_B,37,0,FASMEE23,Blank,FieldBlank,CW/KOH,20241201,20250512,LL,1000x,n/a,,FieldBlank2B,F23_C,NA,NA,NA,NA,NA,NA,NA,0,NA,NA,NA,NA,NA,0,0,0.15000000000000005
FieldBlank2B_B,38,0,FASMEE23,Blank,FieldBlank,CW/KOH,20241201,20250512,LL,1000x,n/a,,FieldBlank2B,F23_C,NA,NA,NA,NA,NA,NA,NA,0,NA,NA,NA,NA,NA,0,0,0.15000000000000005
FieldBlank2B_B,39,0,FASMEE23,Blank,FieldBlank,CW/KOH,20241201,20250512,LL,1000x,n/a,,FieldBlank2B,F23_C,NA,NA,NA,NA,NA,NA,NA,0,NA,NA,NA,NA,NA,0,0,0.15000000000000005
FieldBlank2B_B,40,1,FASMEE23,Blank,FieldBlank,CW/KOH,20241201,20250512,LL,1000x,n/a,,FieldBlank2B,F23_C,NA,NA,NA,NA,NA,NA,NA,0,NA,NA,NA,NA,NA,0,0,0.15000000000000005
FieldBlank3B_B,1,0,FASMEE23,Blank,FieldBlank,CW/KOH,20241201,20250512,LL,1000x,n/a,,FieldBlank3B,F23_C,NA,NA,NA,NA,NA,NA,NA,0,NA,NA,NA,NA,NA,0,0,0.15000000000000005
FieldBlank3B_B,2,0,FASMEE23,Blank,FieldBlank,CW/KOH,20241201,20250512,LL,1000x,n/a,,FieldBlank3B,F23_C,NA,NA,NA,NA,NA,NA,NA,0,NA,NA,NA,NA,NA,0,0,0.15000000000000005
FieldBlank3B_B,3,0,FASMEE23,Blank,FieldBlank,CW/KOH,20241201,20250512,LL,1000x,n/a,,FieldBlank3B,F23_C,NA,NA,NA,NA,NA,NA,NA,0,NA,NA,NA,NA,NA,0,0,0.15000000000000005
FieldBlank3B_B,4,0,FASMEE23,Blank,FieldBlank,CW/KOH,20241201,20250512,LL,1000x,n/a,,FieldBlank3B,F23_C,NA,NA,NA,NA,NA,NA,NA,0,NA,NA,NA,NA,NA,0,0,0.15000000000000005
FieldBlank3B_B,5,0,FASMEE23,Blank,FieldBlank,CW/KOH,20241201,20250512,LL,1000x,n/a,,FieldBlank3B,F23_C,NA,NA,NA,NA,NA,NA,NA,0,NA,NA,NA,NA,NA,0,0,0.15000000000000005
FieldBlank3B_B,6,0,FASMEE23,Blank,FieldBlank,CW/KOH,20241201,20250512,LL,1000x,n/a,,FieldBlank3B,F23_C,NA,NA,NA,NA,NA,NA,NA,0,NA,NA,NA,NA,NA,0,0,0.15000000000000005
FieldBlank3B_B,7,0,FASMEE23,Blank,FieldBlank,CW/KOH,20241201,20250512,LL,1000x,n/a,,FieldBlank3B,F23_C,NA,NA,NA,NA,NA,NA,NA,0,NA,NA,NA,NA,NA,0,0,0.15000000000000005
FieldBlank3B_B,8,0,FASMEE23,Blank,FieldBlank,CW/KOH,20241201,20250512,LL,1000x,n/a,,FieldBlank3B,F23_C,NA,NA,NA,NA,NA,NA,NA,0,NA,NA,NA,NA,NA,0,0,0.15000000000000005
FieldBlank3B_B,9,0,FASMEE23,Blank,FieldBlank,CW/KOH,20241201,20250512,LL,1000x,n/a,,FieldBlank3B,F23_C,NA,NA,NA,NA,NA,NA,NA,0,NA,NA,NA,NA,NA,0,0,0.15000000000000005
FieldBlank3B_B,10,0,FASMEE23,Blank,FieldBlank,CW/KOH,20241201,20250512,LL,1000x,n/a,,FieldBlank3B,F23_C,NA,NA,NA,NA,NA,NA,NA,0,NA,NA,NA,NA,NA,0,0,0.15000000000000005
FieldBlank3B_B,11,0,FASMEE23,Blank,FieldBlank,CW/KOH,20241201,20250512,LL,1000x,n/a,,FieldBlank3B,F23_C,NA,NA,NA,NA,NA,NA,NA,0,NA,NA,NA,NA,NA,0,0,0.15000000000000005
FieldBlank3B_B,12,0,FASMEE23,Blank,FieldBlank,CW/KOH,20241201,20250512,LL,1000x,n/a,,FieldBlank3B,F23_C,NA,NA,NA,NA,NA,NA,NA,0,NA,NA,NA,NA,NA,0,0,0.15000000000000005
FieldBlank3B_B,13,0,FASMEE23,Blank,FieldBlank,CW/KOH,20241201,20250512,LL,1000x,n/a,,FieldBlank3B,F23_C,NA,NA,NA,NA,NA,NA,NA,0,NA,NA,NA,NA,NA,0,0,0.15000000000000005
FieldBlank3B_B,14,0,FASMEE23,Blank,FieldBlank,CW/KOH,20241201,20250512,LL,1000x,n/a,,FieldBlank3B,F23_C,NA,NA,NA,NA,NA,NA,NA,0,NA,NA,NA,NA,NA,0,0,0.15000000000000005
FieldBlank3B_B,15,0,FASMEE23,Blank,FieldBlank,CW/KOH,20241201,20250512,LL,1000x,n/a,,FieldBlank3B,F23_C,NA,NA,NA,NA,NA,NA,NA,0,NA,NA,NA,NA,NA,0,0,0.15000000000000005
FieldBlank3B_B,16,0,FASMEE23,Blank,FieldBlank,CW/KOH,20241201,20250512,LL,1000x,n/a,,FieldBlank3B,F23_C,NA,NA,NA,NA,NA,NA,NA,0,NA,NA,NA,NA,NA,0,0,0.15000000000000005
FieldBlank3B_B,17,0,FASMEE23,Blank,FieldBlank,CW/KOH,20241201,20250512,LL,1000x,n/a,,FieldBlank3B,F23_C,NA,NA,NA,NA,NA,NA,NA,0,NA,NA,NA,NA,NA,0,0,0.15000000000000005
FieldBlank3B_B,18,0,FASMEE23,Blank,FieldBlank,CW/KOH,20241201,20250512,LL,1000x,n/a,,FieldBlank3B,F23_C,NA,NA,NA,NA,NA,NA,NA,0,NA,NA,NA,NA,NA,0,0,0.15000000000000005
FieldBlank3B_B,19,0,FASMEE23,Blank,FieldBlank,CW/KOH,20241201,20250512,LL,1000x,n/a,,FieldBlank3B,F23_C,NA,NA,NA,NA,NA,NA,NA,0,NA,NA,NA,NA,NA,0,0,0.15000000000000005
FieldBlank3B_B,20,0,FASMEE23,Blank,FieldBlank,CW/KOH,20241201,20250512,LL,1000x,n/a,,FieldBlank3B,F23_C,NA,NA,NA,NA,NA,NA,NA,0,NA,NA,NA,NA,NA,0,0,0.15000000000000005
FieldBlank3B_B,21,0,FASMEE23,Blank,FieldBlank,CW/KOH,20241201,20250512,LL,1000x,n/a,,FieldBlank3B,F23_C,NA,NA,NA,NA,NA,NA,NA,0,NA,NA,NA,NA,NA,0,0,0.15000000000000005
FieldBlank3B_B,22,0,FASMEE23,Blank,FieldBlank,CW/KOH,20241201,20250512,LL,1000x,n/a,,FieldBlank3B,F23_C,NA,NA,NA,NA,NA,NA,NA,0,NA,NA,NA,NA,NA,0,0,0.15000000000000005
FieldBlank3B_B,23,0,FASMEE23,Blank,FieldBlank,CW/KOH,20241201,20250512,LL,1000x,n/a,,FieldBlank3B,F23_C,NA,NA,NA,NA,NA,NA,NA,0,NA,NA,NA,NA,NA,0,0,0.15000000000000005
FieldBlank3B_B,24,0,FASMEE23,Blank,FieldBlank,CW/KOH,20241201,20250512,LL,1000x,n/a,,FieldBlank3B,F23_C,NA,NA,NA,NA,NA,NA,NA,0,NA,NA,NA,NA,NA,0,0,0.15000000000000005
FieldBlank3B_B,25,0,FASMEE23,Blank,FieldBlank,CW/KOH,20241201,20250512,LL,1000x,n/a,,FieldBlank3B,F23_C,NA,NA,NA,NA,NA,NA,NA,0,NA,NA,NA,NA,NA,0,0,0.15000000000000005
FieldBlank3B_B,26,1,FASMEE23,Blank,FieldBlank,CW/KOH,20241201,20250512,LL,1000x,n/a,,FieldBlank3B,F23_C,NA,NA,NA,NA,NA,NA,NA,0,NA,NA,NA,NA,NA,0,0,0.15000000000000005
FieldBlank3B_B,27,0,FASMEE23,Blank,FieldBlank,CW/KOH,20241201,20250512,LL,1000x,n/a,,FieldBlank3B,F23_C,NA,NA,NA,NA,NA,NA,NA,0,NA,NA,NA,NA,NA,0,0,0.15000000000000005
FieldBlank3B_B,28,0,FASMEE23,Blank,FieldBlank,CW/KOH,20241201,20250512,LL,1000x,n/a,,FieldBlank3B,F23_C,NA,NA,NA,NA,NA,NA,NA,0,NA,NA,NA,NA,NA,0,0,0.15000000000000005
FieldBlank3B_B,29,0,FASMEE23,Blank,FieldBlank,CW/KOH,20241201,20250512,LL,1000x,n/a,,FieldBlank3B,F23_C,NA,NA,NA,NA,NA,NA,NA,0,NA,NA,NA,NA,NA,0,0,0.15000000000000005
FieldBlank3B_B,30,0,FASMEE23,Blank,FieldBlank,CW/KOH,20241201,20250512,LL,1000x,n/a,,FieldBlank3B,F23_C,NA,NA,NA,NA,NA,NA,NA,0,NA,NA,NA,NA,NA,0,0,0.15000000000000005
FieldBlank3B_B,31,0,FASMEE23,Blank,FieldBlank,CW/KOH,20241201,20250512,LL,1000x,n/a,,FieldBlank3B,F23_C,NA,NA,NA,NA,NA,NA,NA,0,NA,NA,NA,NA,NA,0,0,0.15000000000000005
FieldBlank3B_B,32,0,FASMEE23,Blank,FieldBlank,CW/KOH,20241201,20250512,LL,1000x,n/a,,FieldBlank3B,F23_C,NA,NA,NA,NA,NA,NA,NA,0,NA,NA,NA,NA,NA,0,0,0.15000000000000005
FieldBlank3B_B,33,0,FASMEE23,Blank,FieldBlank,CW/KOH,20241201,20250512,LL,1000x,n/a,,FieldBlank3B,F23_C,NA,NA,NA,NA,NA,NA,NA,0,NA,NA,NA,NA,NA,0,0,0.15000000000000005
FieldBlank3B_B,34,0,FASMEE23,Blank,FieldBlank,CW/KOH,20241201,20250512,LL,1000x,n/a,,FieldBlank3B,F23_C,NA,NA,NA,NA,NA,NA,NA,0,NA,NA,NA,NA,NA,0,0,0.15000000000000005
FieldBlank3B_B,35,0,FASMEE23,Blank,FieldBlank,CW/KOH,20241201,20250512,LL,1000x,n/a,,FieldBlank3B,F23_C,NA,NA,NA,NA,NA,NA,NA,0,NA,NA,NA,NA,NA,0,0,0.15000000000000005
FieldBlank3B_B,36,0,FASMEE23,Blank,FieldBlank,CW/KOH,20241201,20250512,LL,1000x,n/a,,FieldBlank3B,F23_C,NA,NA,NA,NA,NA,NA,NA,0,NA,NA,NA,NA,NA,0,0,0.15000000000000005
FieldBlank3B_B,37,1,FASMEE23,Blank,FieldBlank,CW/KOH,20241201,20250512,LL,1000x,n/a,,FieldBlank3B,F23_C,NA,NA,NA,NA,NA,NA,NA,0,NA,NA,NA,NA,NA,0,0,0.15000000000000005
FieldBlank3B_B,38,0,FASMEE23,Blank,FieldBlank,CW/KOH,20241201,20250512,LL,1000x,n/a,,FieldBlank3B,F23_C,NA,NA,NA,NA,NA,NA,NA,0,NA,NA,NA,NA,NA,0,0,0.15000000000000005
FieldBlank3B_B,39,0,FASMEE23,Blank,FieldBlank,CW/KOH,20241201,20250512,LL,1000x,n/a,,FieldBlank3B,F23_C,NA,NA,NA,NA,NA,NA,NA,0,NA,NA,NA,NA,NA,0,0,0.15000000000000005
FieldBlank3B_B,40,0,FASMEE23,Blank,FieldBlank,CW/KOH,20241201,20250512,LL,1000x,n/a,,FieldBlank3B,F23_C,NA,NA,NA,NA,NA,NA,NA,0,NA,NA,NA,NA,NA,0,0,0.15000000000000005
FieldBlank4B_B,1,0,FASMEE23,Blank,FieldBlank,CW/KOH,20241201,20250512,LL,1000x,n/a,,FieldBlank4B,F23_C,NA,NA,NA,NA,NA,NA,NA,0,NA,NA,NA,NA,NA,0,0,0.15000000000000005
FieldBlank4B_B,2,1,FASMEE23,Blank,FieldBlank,CW/KOH,20241201,20250512,LL,1000x,n/a,,FieldBlank4B,F23_C,NA,NA,NA,NA,NA,NA,NA,0,NA,NA,NA,NA,NA,0,0,0.15000000000000005
FieldBlank4B_B,3,0,FASMEE23,Blank,FieldBlank,CW/KOH,20241201,20250512,LL,1000x,n/a,,FieldBlank4B,F23_C,NA,NA,NA,NA,NA,NA,NA,0,NA,NA,NA,NA,NA,0,0,0.15000000000000005
FieldBlank4B_B,4,0,FASMEE23,Blank,FieldBlank,CW/KOH,20241201,20250512,LL,1000x,n/a,,FieldBlank4B,F23_C,NA,NA,NA,NA,NA,NA,NA,0,NA,NA,NA,NA,NA,0,0,0.15000000000000005
FieldBlank4B_B,5,0,FASMEE23,Blank,FieldBlank,CW/KOH,20241201,20250512,LL,1000x,n/a,,FieldBlank4B,F23_C,NA,NA,NA,NA,NA,NA,NA,0,NA,NA,NA,NA,NA,0,0,0.15000000000000005
FieldBlank4B_B,6,0,FASMEE23,Blank,FieldBlank,CW/KOH,20241201,20250512,LL,1000x,n/a,,FieldBlank4B,F23_C,NA,NA,NA,NA,NA,NA,NA,0,NA,NA,NA,NA,NA,0,0,0.15000000000000005
FieldBlank4B_B,7,0,FASMEE23,Blank,FieldBlank,CW/KOH,20241201,20250512,LL,1000x,n/a,,FieldBlank4B,F23_C,NA,NA,NA,NA,NA,NA,NA,0,NA,NA,NA,NA,NA,0,0,0.15000000000000005
FieldBlank4B_B,8,0,FASMEE23,Blank,FieldBlank,CW/KOH,20241201,20250512,LL,1000x,n/a,,FieldBlank4B,F23_C,NA,NA,NA,NA,NA,NA,NA,0,NA,NA,NA,NA,NA,0,0,0.15000000000000005
FieldBlank4B_B,9,0,FASMEE23,Blank,FieldBlank,CW/KOH,20241201,20250512,LL,1000x,n/a,,FieldBlank4B,F23_C,NA,NA,NA,NA,NA,NA,NA,0,NA,NA,NA,NA,NA,0,0,0.15000000000000005
FieldBlank4B_B,10,0,FASMEE23,Blank,FieldBlank,CW/KOH,20241201,20250512,LL,1000x,n/a,,FieldBlank4B,F23_C,NA,NA,NA,NA,NA,NA,NA,0,NA,NA,NA,NA,NA,0,0,0.15000000000000005
FieldBlank4B_B,11,0,FASMEE23,Blank,FieldBlank,CW/KOH,20241201,20250512,LL,1000x,n/a,,FieldBlank4B,F23_C,NA,NA,NA,NA,NA,NA,NA,0,NA,NA,NA,NA,NA,0,0,0.15000000000000005
FieldBlank4B_B,12,0,FASMEE23,Blank,FieldBlank,CW/KOH,20241201,20250512,LL,1000x,n/a,,FieldBlank4B,F23_C,NA,NA,NA,NA,NA,NA,NA,0,NA,NA,NA,NA,NA,0,0,0.15000000000000005
FieldBlank4B_B,13,0,FASMEE23,Blank,FieldBlank,CW/KOH,20241201,20250512,LL,1000x,n/a,,FieldBlank4B,F23_C,NA,NA,NA,NA,NA,NA,NA,0,NA,NA,NA,NA,NA,0,0,0.15000000000000005
FieldBlank4B_B,14,0,FASMEE23,Blank,FieldBlank,CW/KOH,20241201,20250512,LL,1000x,n/a,,FieldBlank4B,F23_C,NA,NA,NA,NA,NA,NA,NA,0,NA,NA,NA,NA,NA,0,0,0.15000000000000005
FieldBlank4B_B,15,0,FASMEE23,Blank,FieldBlank,CW/KOH,20241201,20250512,LL,1000x,n/a,,FieldBlank4B,F23_C,NA,NA,NA,NA,NA,NA,NA,0,NA,NA,NA,NA,NA,0,0,0.15000000000000005
FieldBlank4B_B,16,0,FASMEE23,Blank,FieldBlank,CW/KOH,20241201,20250512,LL,1000x,n/a,,FieldBlank4B,F23_C,NA,NA,NA,NA,NA,NA,NA,0,NA,NA,NA,NA,NA,0,0,0.15000000000000005
FieldBlank4B_B,17,1,FASMEE23,Blank,FieldBlank,CW/KOH,20241201,20250512,LL,1000x,n/a,,FieldBlank4B,F23_C,NA,NA,NA,NA,NA,NA,NA,0,NA,NA,NA,NA,NA,0,0,0.15000000000000005
FieldBlank4B_B,18,0,FASMEE23,Blank,FieldBlank,CW/KOH,20241201,20250512,LL,1000x,n/a,,FieldBlank4B,F23_C,NA,NA,NA,NA,NA,NA,NA,0,NA,NA,NA,NA,NA,0,0,0.15000000000000005
FieldBlank4B_B,19,0,FASMEE23,Blank,FieldBlank,CW/KOH,20241201,20250512,LL,1000x,n/a,,FieldBlank4B,F23_C,NA,NA,NA,NA,NA,NA,NA,0,NA,NA,NA,NA,NA,0,0,0.15000000000000005
FieldBlank4B_B,20,0,FASMEE23,Blank,FieldBlank,CW/KOH,20241201,20250512,LL,1000x,n/a,,FieldBlank4B,F23_C,NA,NA,NA,NA,NA,NA,NA,0,NA,NA,NA,NA,NA,0,0,0.15000000000000005
FieldBlank4B_B,21,0,FASMEE23,Blank,FieldBlank,CW/KOH,20241201,20250512,LL,1000x,n/a,,FieldBlank4B,F23_C,NA,NA,NA,NA,NA,NA,NA,0,NA,NA,NA,NA,NA,0,0,0.15000000000000005
FieldBlank4B_B,22,0,FASMEE23,Blank,FieldBlank,CW/KOH,20241201,20250512,LL,1000x,n/a,,FieldBlank4B,F23_C,NA,NA,NA,NA,NA,NA,NA,0,NA,NA,NA,NA,NA,0,0,0.15000000000000005
FieldBlank4B_B,23,0,FASMEE23,Blank,FieldBlank,CW/KOH,20241201,20250512,LL,1000x,n/a,,FieldBlank4B,F23_C,NA,NA,NA,NA,NA,NA,NA,0,NA,NA,NA,NA,NA,0,0,0.15000000000000005
FieldBlank4B_B,24,0,FASMEE23,Blank,FieldBlank,CW/KOH,20241201,20250512,LL,1000x,n/a,,FieldBlank4B,F23_C,NA,NA,NA,NA,NA,NA,NA,0,NA,NA,NA,NA,NA,0,0,0.15000000000000005
FieldBlank4B_B,25,0,FASMEE23,Blank,FieldBlank,CW/KOH,20241201,20250512,LL,1000x,n/a,,FieldBlank4B,F23_C,NA,NA,NA,NA,NA,NA,NA,0,NA,NA,NA,NA,NA,0,0,0.15000000000000005
FieldBlank4B_B,26,0,FASMEE23,Blank,FieldBlank,CW/KOH,20241201,20250512,LL,1000x,n/a,,FieldBlank4B,F23_C,NA,NA,NA,NA,NA,NA,NA,0,NA,NA,NA,NA,NA,0,0,0.15000000000000005
FieldBlank4B_B,27,2,FASMEE23,Blank,FieldBlank,CW/KOH,20241201,20250512,LL,1000x,n/a,,FieldBlank4B,F23_C,NA,NA,NA,NA,NA,NA,NA,0,NA,NA,NA,NA,NA,0,0,0.15000000000000005
FieldBlank4B_B,28,0,FASMEE23,Blank,FieldBlank,CW/KOH,20241201,20250512,LL,1000x,n/a,,FieldBlank4B,F23_C,NA,NA,NA,NA,NA,NA,NA,0,NA,NA,NA,NA,NA,0,0,0.15000000000000005
FieldBlank4B_B,29,0,FASMEE23,Blank,FieldBlank,CW/KOH,20241201,20250512,LL,1000x,n/a,,FieldBlank4B,F23_C,NA,NA,NA,NA,NA,NA,NA,0,NA,NA,NA,NA,NA,0,0,0.15000000000000005
FieldBlank4B_B,30,0,FASMEE23,Blank,FieldBlank,CW/KOH,20241201,20250512,LL,1000x,n/a,,FieldBlank4B,F23_C,NA,NA,NA,NA,NA,NA,NA,0,NA,NA,NA,NA,NA,0,0,0.15000000000000005
FieldBlank4B_B,31,0,FASMEE23,Blank,FieldBlank,CW/KOH,20241201,20250512,LL,1000x,n/a,,FieldBlank4B,F23_C,NA,NA,NA,NA,NA,NA,NA,0,NA,NA,NA,NA,NA,0,0,0.15000000000000005
FieldBlank4B_B,32,0,FASMEE23,Blank,FieldBlank,CW/KOH,20241201,20250512,LL,1000x,n/a,,FieldBlank4B,F23_C,NA,NA,NA,NA,NA,NA,NA,0,NA,NA,NA,NA,NA,0,0,0.15000000000000005
FieldBlank4B_B,33,0,FASMEE23,Blank,FieldBlank,CW/KOH,20241201,20250512,LL,1000x,n/a,,FieldBlank4B,F23_C,NA,NA,NA,NA,NA,NA,NA,0,NA,NA,NA,NA,NA,0,0,0.15000000000000005
FieldBlank4B_B,34,0,FASMEE23,Blank,FieldBlank,CW/KOH,20241201,20250512,LL,1000x,n/a,,FieldBlank4B,F23_C,NA,NA,NA,NA,NA,NA,NA,0,NA,NA,NA,NA,NA,0,0,0.15000000000000005
FieldBlank4B_B,35,0,FASMEE23,Blank,FieldBlank,CW/KOH,20241201,20250512,LL,1000x,n/a,,FieldBlank4B,F23_C,NA,NA,NA,NA,NA,NA,NA,0,NA,NA,NA,NA,NA,0,0,0.15000000000000005
FieldBlank4B_B,36,0,FASMEE23,Blank,FieldBlank,CW/KOH,20241201,20250512,LL,1000x,n/a,,FieldBlank4B,F23_C,NA,NA,NA,NA,NA,NA,NA,0,NA,NA,NA,NA,NA,0,0,0.15000000000000005
FieldBlank4B_B,37,0,FASMEE23,Blank,FieldBlank,CW/KOH,20241201,20250512,LL,1000x,n/a,,FieldBlank4B,F23_C,NA,NA,NA,NA,NA,NA,NA,0,NA,NA,NA,NA,NA,0,0,0.15000000000000005
FieldBlank4B_B,38,0,FASMEE23,Blank,FieldBlank,CW/KOH,20241201,20250512,LL,1000x,n/a,,FieldBlank4B,F23_C,NA,NA,NA,NA,NA,NA,NA,0,NA,NA,NA,NA,NA,0,0,0.15000000000000005
FieldBlank4B_B,39,0,FASMEE23,Blank,FieldBlank,CW/KOH,20241201,20250512,LL,1000x,n/a,,FieldBlank4B,F23_C,NA,NA,NA,NA,NA,NA,NA,0,NA,NA,NA,NA,NA,0,0,0.15000000000000005
FieldBlank4B_B,40,0,FASMEE23,Blank,FieldBlank,CW/KOH,20241201,20250512,LL,1000x,n/a,,FieldBlank4B,F23_C,NA,NA,NA,NA,NA,NA,NA,0,NA,NA,NA,NA,NA,0,0,0.15000000000000005
